program_id,failed_count
675kPX9MHTjS2zt1qfr1NYHuzeLXfQM9H24wFSUt1Mp8,327650466.0
JUP6LkbZbjS1jKKwapdHNy74zcZ3tLUZoi5QNyVTaV4,252017540.0
cjg3oHmg9uuPsP8D6g29NWvhySJkdYdAo9D25PRbKXJ,226952883.0
6Q4Xu2sXxMLMhS2pSBJwhDrL5AMWGbrBT3yaN48kYX7G,87172461.0
JUP4Fb2cqiRUcaTHdrPC8h2gNsA2ETXiPDD33WcGuJB,84279822.0
GDDMwNyyx8uB6zrqwBFHjLLG3TBYk2F8Az4yrQC5RzMp,71616610.0
ATokenGPvbdGVxr1b2hvZbsiqW5xWH25efTNsLJA8knL,44956578.0
9uW2TqLyfYyrcNVrgCy4jPpqDKQoBZhXWypzzFxbixQE,40817555.0
YmirFH6wUrtUMUmfRPZE7TcnszDw689YNWYrMgyB55N,24635690.0
3J3HFc8jXxdvZQ73PeUPJmPdM2EKpKonzBaYACCXzqkv,17509217.0
whirLbMiicVdio4qvUfM5KAg6Ct8VwpYzGff3uctyCc,13411464.0
dRiftyHA39MWEi3m9aunc5MzRF1JYuBsbn6VPcn33UH,13138106.0
tkrEmamHvvy64MwcWPwHdVzGvZ72HTD4E4xEW9SmqdA,12013514.0
3tZPEagumHvtgBhivFJCmhV9AyhBHGW9VgdsK52i4gwP,11299404.0
mineRHF5r6S7HyD9SppBfVMXMavDkJsxwGesEvxZr2A,11284006.0
BMngim9SP6f4jQroP5JjoXY3FoBFFs3jwZvcvCbRgcWj,10698833.0
8BR3zs8zSXetpnDjCtHWnkpSkNSydWb3PTTDuVKku2uu,10698618.0
EXkQstSbQrcvFdNHE6KTjPcCuF2Sh4Y7DWpE7wQH2ZWk,10006381.0
HobbyQZpigeHQgPG2tnsez2E8ZKtL5DGd6AYbwVvkBnf,8440793.0
Evo1ve6p41CUZSdh7WCofrStMdhzUKAVcjWDNhet9Nkp,8206671.0
47ANarGeuGKA6o1URnebRhLYrnqSY69GauYL2rXyhopL,8120378.0
8x8Veat3UDUDERsRxPW3yywN7j1q1y7rMf9LxahwjaEy,7334612.0
DgGjLWBuNeYWWM2DTc3vosMunBL4c5NDzMjtkXEEu1V4,6915095.0
4ngnN8dA9sAf1sbz3m6qwquxbHkyzgXVpeTYcxKPtZuf,6254946.0
ZETAxsqBRek56DhiGXrn75yj2NHU3aYUnxvHXpkf3aD,6133948.0
CountdownKPVHPBk5si8rg5nyZwdjZPWBtYD5rEtHqCd,6127004.0
BURSTHCSMa7TFBzASBfCDseB1cLzHyhyK5heSo9kb1DJ,6050430.0
J1TnP8zvVxbtF5KFp5xRmWuvG9McnhzmBd9XGfCyuxFP,5967685.0
8WYurfHcPncNYmHFk1STApXLMR8CYHdVpRHCe6qTGBL6,5469550.0
DqhtFVXHQJ8mfHpMZ3rkYzCXrnX9U1We2L7CcdxU3EMb,5422338.0
4swapfQdfqXXJEdpyMqwHWgtBS8goA1horMMF37h956F,5403361.0
8i97DHS9KPnG311fSY9yin4cyk9ZzkBjLXobyEFvtfKY,5237976.0
EN1GMAXbcQF3ucku4wpxE45CKUaoBD3yiutrFqNfLfK7,4936686.0
11111111111111111111111111111111,4748797.0
6EF8rrecthR5Dkzon8Nwu78hRvfCKubJ14M5uBEwF6P,4653877.0
Cigyu5krNwuTdCYHbJ9YiUyVcyw6agXySQ83zgiFcatY,4367408.0
GHVU59iVFg4hDCgodeuc7g1qjVpUByDaUBbwMhF38RRe,4338358.0
8888882FsxBq7dmc4N1zcMWSKbbsuKgXvfUif2P7S6K6,4292557.0
CAMMCzo5YL8w4VFF8KVHrK22GGUsp5VTaW7grrKgrWqK,4219017.0
EvocationV9G8ZTWXPa9QoVsJDmEeGdqk8pxPAt8ApJf,3956384.0
8f2VBmoovE4f6JpQ3G8pLLKnuDpcdytszFwL7bP7iQGb,3709192.0
SW1TCH7qEPTdLsDHRgPuMQjbQxKdH2aBStViMFnt64f,3484268.0
7LF8NQXQC5fdVXoY7nt7Z2FDd45TMMrQJaiSCWpQQgpM,2790021.0
CtQiD97h86iEm5W2pi3RrejoXfR7VTBVqXDEHC3ZmnH3,2782471.0
DCA2QkEnKvS1xFYHDm9Q9HovhrBuatymvz7dwsmtHFnu,2782244.0
59FguaJypTjiVbZPRGSq8Z78pBa9CGhrrEaeK1s1vnyT,2766324.0
3NnhNHHR1xZZvM1FqTH9nVyWp95JwB7951pJ9MHJyskY,2759660.0
TSWAPaqyCSx2KABk68Shruf4rp7CxcNi8hAsbdwmHbN,2599570.0
SAGEqqFewepDHH6hMDcmWy7yjHPpyKLDnRXKb3Ki8e6,2442003.0
LBUZKhRxPF3XUpBCjp4YzTKgLccjZhTSDM9YuVaPwxo,2328350.0
DnqJ15nYEdFYr6ywvvVWfYLdUTb1nqecECCSYmyWiJe9,2325448.0
CERBeSptJPdrBoLa91Hpi67wgziZFxhbL4LGTWaAAe17,2162645.0
FTXbankpnSLWkNoDEabnkL1Sx6MmugbApcvMK48bnyq5,1955386.0
GzxwDvhbNcKTt4LBez3k9CuKZfuq5N3mZKYkBTKn1nKX,1808443.0
G2E4eoenFMirpFKRfHNo2koDP7mrhnNWVwxyHASSpjQD,1805820.0
DCA265RLxahxSSsRpvPApmttQ5nYMKuxNGRXhkdKDwVK,1750169.0
routeUGWgWzqBWFcrCfv8tritsqukccJPu3q5GPP3xS,1647065.0
DGFLYc25WVF27HTb4mHnsdcXSNoW7ufgNXU16zjENihL,1609837.0
6jKe4VcqqTTCKiLoLyd9mycaRpNmzKxbT73MZfDyDdQq,1556769.0
FMb3SwYpdtdEb78gD9JMRmqufJqLcm8BjFhz6meS6RjY,1549404.0
tro46jTMkb56A3wPepo5HT7JcvX9wFWvR8VaJzgdjEf,1469971.0
3GRE3mhckAosTkYXfVvHm5WrW1AxK4aKp8LfoXLxEUYs,1432131.0
3JmzqBoDLvNTPapBGCN7x23kTE5o7zkQ2fQhuyU3j9x6,1430229.0
M2mx93ekt1fmXSVkTrUL9xVFHkmME8HTUi5Cyc5aF7K,1411736.0
PERPHjGBqRHArX4DySjwM6UJHiR3sWAatqfdBS2qQJu,1403879.0
LibLZGWthc9u1TxePmuRo87DNdiAwgV8yMXXhGbyu44,1379907.0
mineJKQoyEbSiyjooEVMGSbHMaDdv7Cnf8rhkKLgyVb,1368675.0
TokenkegQfeZyiNwAJbNbGKPFXCWuBvf9Ss623VQ5DA,1311623.0
EcySPHNCRAEKEooozbRT6f1xxJwuVhq7ruEVyNhP8RUP,1270173.0
51ZBxXZrwTNmi2UdgHF1Q3anfmudopFHNKiUhVjiWrLF,1265475.0
2wsZSAFFnNQVmqEegTJzcmeeo41tbpoCGb8anDbuMArq,1261090.0
9PjeyCaaWxSg3cL7Tp4QBpsDcstNP8jMLuCDRg6wi51y,1209269.0
PhoeNiXZ8ByJGLkxNfZRnkUfjvmuYqLR89jjFHGqdXY,1191455.0
KLqpn9TZJYunTt7Stjm4zu3Zeq2FmbrHsHzJKSzd3K8,1134380.0
cock3QRYepe6NurFcj5LMdRnQrjZVg5uP8ndfva1HuP,1106776.0
2Sj5s2PXHrLS4VQKpVC1C2iw7z8WZqqgEvbnVF5Rc65C,1040829.0
85B6mtPDvpGNLvrBgtW8mHGJLVCoYrJi3TCTy4fgSicJ,932035.0
jupoNjAxXgZ4rjzxzPMP4oxduvQsQtZzyknqvzYNrNu,875936.0
GUhB2ohrfqWspztgCrQpAmeVFBWmnWYhPcZuwY52WWRe,872005.0
5wALaSXNGPgYysVVrxuQ15ocn8iVfbDSU7bhZHuhXdwd,869036.0
GXoF2FynajVh57Zu3xWKshfovipDqbNTPdQzmkv1LAS,836798.0
A21cXTVY8nTYaMBYWLWfAWkFoVNtru25byEBHeBFLopt,820292.0
DMVJdxVgT2i2rmoK82cQZTF7WHryUCRoqX9nnToVSaLR,812610.0
8Dukjp9fQB1Pbi3dkPd4Nz8AHir5vnuKXCyrYzzQDor,778005.0
ALqmkguAexGywkd4EVEWnd6uqctJxsFU1SrtH1rLB6bK,752525.0
H2kByhW3LM9epZtHtqRAMYPXUvvQnkxZmFSF7h2JXi4L,750385.0
HARBRqBp3GL6BzN5CoSFnKVQMpGah4mkBCDFLxigGARB,691824.0
SAGE2HAwep459SNq61LHvjxPk4pLPEJLoMETef7f7EE,691261.0
GwgGhzj24L6JsxvnmQnhPinfcoXM3NAezjdbuQMVgw51,690679.0
orA4MUzq4RoRfS2boATkCv4F6PtJTLPvB9e378K7VVj,668657.0
481s8XFACzEbQokBjoZWUv976233jGP9k6SzN2Lu8fLt,666707.0
M3mxk5W2tt27WGT7THox7PmgRDp4m6NEhL5xvxrBfS1,660705.0
9yL9r9PcFfX3QM78noAyAscZekQue7djcKaxXDebaR1o,659004.0
3w57iMhv5Zk5VDuTe5dspm2FzE9zQhscCb9CZpAKobPW,614916.0
7PWnthtTsGnSpR4JLENYVoCJ5y5XwgELVbqgp6TkAFaH,610773.0
2DoboMZkMkmNMzWQKvRhrcdtqNzLFS2LQhEo813xvcYD,610723.0
777nJuyDvL6UYH3WaFZDbwywBhbwSBshatThUNnnfvQa,583540.0
oeAK18gksS6S4pvY4xDBHNFT5rXZZqwdLy6aqy9k3F1,560378.0
ibrPvj1fcUa8Grh6JzkPGZhrfC2ZDfUtmTUy7ooqojN,528499.0
PaRCLKPpkfHQfXTruT8yhEUx5oRNH8z8erBnzEerc8a,516161.0
2wT8Yq49kHgDzXuPxZSaeLaH1qbmGXtEyPy64bL7aD3c,480454.0
ComputeBudget111111111111111111111111111111,475473.0
5k8DQovpeT59yaHXQ35LyeiAkbfMfcoLucCHw32QuiKF,468001.0
srmqPvymJeFKQ4zGQed1GFppgkRHL9kaELCbyksJtPX,449327.0
SHARKobtfF1bHhxD2eqftjHBdVSCbKo9JtgK71FhELP,444594.0
pythWSnswVUd12oZpeFP8e9CVaEqJg25g1Vtc2biRsT,422967.0
SujiAGkLDyxJTEHbgbkkFae8sECsjVGUesGNqxubxNb,407822.0
MEV3feYJxXduqYwqVV2S37yKooYp5jbummDkcoshMi6,404085.0
GPpmyrjrvoEQqYcFPTCCc55j7htE2JzgkRqEbYNinoJN,401353.0
AP51WLiiqTdbZfgyRMs35PsZpdmLuPDdHYmrB23pEtMU,391541.0
oookDxbFEiuqNHrWwj4r7rGujPmdQ4KTpEvGe87KNpp,390736.0
SLikqHeSvqmH6gkwFZQVupvbCmko6yDJoy3yW8J4V6P,366692.0
Eo7WjKq67rjJQSZxS6z3YkapzY3eMj6Xy8X5EQVn5UaB,357935.0
87YkKeU6GCWBqEzUqe4k7X7Mw8UguY8VTadPWZgZLtN1,342919.0
3bzCJpq3wHb5Z3fpDth6Y33mz5sDsRD8zQhuDY6w96Ns,336130.0
E8uB9xQ8ffx3YyCbXDVKNMV2VpaHhgU8edCKi1ASDUTq,335081.0
So1endDq2YkqhipRh3WViPa8hdiSpxWy6z3Z6tMCpAo,329657.0
5znEfgDd9b97mmTPrTvZX8myfyFjJjgzWiZaYzYuQ9Kf,329013.0
4MangoMjqJ2firMokCjjGgoK8d4MXcrgL7XJaL3w6fVg,310051.0
FZfi2Xh8fvxbG84pmA9PPnJQypfPQkDbWDCtBkntnYa4,308297.0
zzsvJESpRRT3UBCNUC51NxD233weAmUMF6AqgtWuUDn,302056.0
FGDeqz5oAny9TN221Jpg4MdHcvwQ7TDjMe92ZbWiQ4hp,293237.0
bank7GaK8LkjyrLpSZjGuXL8z7yae6JqbunEEnU9FS4,288909.0
GzHeu1BN5gVTptHfgG7M97h4MbXASpFAJ9kCpLwfbbFs,280617.0
BSfD6SHZigAfDWSjzD5Q41jw8LmKwtmjskPH9XW1mrRW,276575.0
BMtVmmHRvVWWo9n2YD9P5zQnkZQruTwXuG9fw6bANYxk,274752.0
6e84wdHBa1joDWcyL7FZG9Fi2BtYTmvDNKfW2f8fNXnc,273220.0
HVtBDH5NXXU5Mg99o9zWX1F1yWeirfr2EueQJW5aiWCo,269206.0
2CyweuWbx3DCcmzePeN7nxqgTD396VuEC2UW2ZjKHbb2,265129.0
AdmeHkuykZnSdPNSwk7yhwWLtnqCDcVaqmK1WyDGaxir,260892.0
9HMC8WNeLUJi1UckuAFsgZqJ55KXivE7L6Q1A2vrEofB,253795.0
DCA265Vj8a9CEuX1eb1LWRnDT7uK6q1xMipnNyatn23M,253409.0
QoHLzip97BmPmkac7eXaVS2oiS6HizQ1bU3yD2FLEvD,252926.0
B3pMNnEBgJ7ioGZY6xCsvoGttFUmABTKZeYQp4GMxiJz,248606.0
Gd6M1gY6P9HzctXMMM9CFDyGbq58sFxrdH9SnG4rkNZH,245137.0
TCMPhJdwDryooaGtiocG1u3xcYbRpiJzb283XfCZsDp,242767.0
Guard1JwRhJkVH6XZhzoYxeBVQe872VH6QggF4BWmS9g,238968.0
8rgys2tsfYiFMCuNS3EwSLy1z1Vj5y4UyjHZcVDx3uUC,235017.0
AzHrwdCsEZotAjr7sjenHrHpf1ZKYoGBP6N7HVhEsyen,234271.0
BGUMAp9Gq7iTEuizy4pqaxsTyUCBK68MDfK752saRPUY,228827.0
CNV9e9RXogVNsWyXY6zsDhbmqQMLjDujfkAnJF6gZagF,221853.0
NeonVMyRX5GbCrsAHnUwx1nYYoJAtskU1bWUo6JGNyG,211661.0
DCD2m9qvEUcEEfbppBGvPbBgnyGb3eJSx1jxHVsKtJWV,210924.0
4CgyHKuP6yi1vbmcdsArngEKcETR4nZupqYEMk2hEoQd,209798.0
CcrAd4QH71GHcC5wBRkSsMUBjrMbqaGXULm5azpRMycb,207106.0
369SJHcXHxb9vXekTzbSUvD35aotNZpbQdx7cNtbUbcY,205482.0
Print1Bbd4pf6MQboCh4vQZtLgxtqcxdXsnWu2SCfeV,204002.0
AfmiiWVWYACfVCUuHeAmVN15ATBHDyfKvwowmQKXt1kg,201010.0
B4WsnJUukmjdSWK37CrWpkJABwm3HB1dLqJQFHQVsoSa,199483.0
H9No547Qz6GefzK9fxvdMQc9pnsxSA9oRi97rjqsdxx,192958.0
a1dnET1M2CkNvSDunAxYEg4n7GLP9QJtPyiuG8TUptG,191053.0
ibrDFn3B4bVw4hXqgTbpjna6b1Jzyo2KAYUL6q8bX1n,189942.0
Hye5Ahzqv9fY8LsjygfXCmkuVL67rgKRNzqZSEhpwXUf,188947.0
HLG2NsnV1Dx3i97neVaQyR9qp9dxCFUFYSnFeRLfZUjs,187917.0
AB5YqhWip4SagTCQw29U8f8qpZDusBms3GDv3hVHNFkn,186517.0
Aza2jW4mjqyt8HtSLCwDTJWGJ1mRDjMQTQoiNTH6E32r,185964.0
FUfpR31LmcP1VSbz5zDaM7nxnH55iBHkpwusgrnhaFjL,181247.0
73SDq31cy88AkKwPySkFxwfXsQAiG9NQ97yz7zoXqE8v,180735.0
imnaXTV3dZCKbTDsLyDSGDf7xtZNN8GteuuicMV1SYt,178700.0
SNPRohhBurQwrpwAptw1QYtpFdfEKitr4WSJ125cN1g,173232.0
6F3N8a6fccRb8HxnPv3T2LudFmJk6VBy7MiQCJPUUo6a,173161.0
AZ1j4Yb9eaTQ5nJzJ98FUeNP1cNNPKwvNTFpZjXh1HYQ,173051.0
9W959DqEETiGZocYWCQPaJ6sBmUzgfxXfqGeTEdp3aQP,171247.0
4R3gSG8BpU4t19KYj8CfnbtRpnT8gtk4dvTHxVRwc2r7,170851.0
HRvwjH3qcL3das3M7ErBUg2piPYKb1HEbiJVjr6hySwM,170677.0
8nbexi4ReN1u6iTBkuEExXKGisgjFkY6AjChF1k19aFU,165760.0
powxHYdoMomRENEcYosfMke6afjGPphvVukYsbqzRgC,164443.0
2aoV81evjhsSPYJe3gnmZGA4e91XqURmR8EFN2jmsj2K,160027.0
EMnmGvrgKJhYCk2HCbUQfSXLDjdCjv3FAfdKcNz8A9Kr,157311.0
MP1zz2HUAzL5P2uLR5nKaDSnxofh8VTZyk26NCewWzk,156061.0
CLAhAAYPtFVUjDTVFV9kHuDBxvNhUnXDnhTVzLKLKFg5,152019.0
53hXqP8AJLWaGYoWujBtLynBis2WK8nmjSTWFnTPBjP2,148891.0
CtTGt3cCT7NSC6tyzPvqq8NX3H6cd8dTcdLzQJavzQzP,147703.0
ArAA6CZC123yMJLUe4uisBEgvfuw2WEvex9iFmFCYiXv,147414.0
2HLLVco5HvwWriNbUhmVwA2pCetRkpgrqwnjcsZdyTKT,146648.0
C58iq1LZHvaLTiNdY497JRVxY8e9tA6bpyLjitBhPU9f,145749.0
FLyrwdKMFFRaFWQm55WkzipCGJ4996Yhzdchgy8NR4Uf,143945.0
5Z7HJY8Fm7HHnexvaHyAWysaXmTpeDASLhHfNu7stBXT,143485.0
2KehYt3KsEQR53jYcxjbQp2d2kCp4AkuQW68atufRwSr,141796.0
toucanVmJ89ooxXimgChitH5TS3HM183Rat1BZXCyUs,129805.0
mmm3XBJg5gk8XJxEKBvdgptZz6SgK4tXvn36sodowMc,128929.0
MFv2hWf31Z9kbCa1snEPYctwafyhdvnV7FZnsebVacA,126724.0
9GLjme6SvqLFZj6MXR4cZQfGQ2FF7EJ2n5VpTo3JbYsE,126595.0
E1emntd1y2UrkWEECuceaLvGAkq9WK6kyWrNjKiP14mT,124771.0
36z9tipgENz4wgt2XxnxXZVYQMtDPNw5UXeucYcH9dXv,124348.0
AddressLookupTab1e1111111111111111111111111,123503.0
MarwzZ5bDwb7Y7wziyGwoVMPbkfrmszJva4t5puC1Pr,114180.0
AbgSLvGvuZQUWvE7oH8VEtDGBZaixYqkVrqWJbYmgKMB,111119.0
MmahvTezK7567LQM2efp8mLiaSmXuCTSVHUBsGDUXj5,109073.0
9De7J7dxFeMR1ctC3Gj1HJpRomanZYzZX7LNn3e6MUca,108686.0
2TxmAqu8SJYD2Dfo1k3qnMpNkNbAeLavL8geiTpdxYmH,102623.0
CMZYPASGWeTz7RNGHaRJfCq2XQ5pYK6nDvVQxzkH51zb,101446.0
dst5MGcFPoBeREFAA5E3tU5ij8m5uVYwkzkSAbsLbNo,100804.0
HV6aEXtq9pHfStn85KQPvCSas7zLsmhZnLwgFckfKp9A,96060.0
LoanghCQGdUD7pSkqfagJ9Kdm6kgdE6CNpxgAxvvmTu,95817.0
7YjQC7dBdSb4XHD7xTYXY9dtdc9eDwEayg8sF5W3wdMV,91164.0
DuxusKJAbUMHiskwcyfwFK9Ctd17mrUtELSQXTCQfXjm,88195.0
wtfyHcYHH4SpYseJR3ZpeQmvcMRZzRQnu4pGXBEDCxd,87232.0
JdgB5YYSYMsiZkaULpED9FDew5VBi2WgSoANbYLFNpg,82735.0
MFLQPPPPjNinkdKoy2odNFBhvpY43XtCDZjBwG2fwn5,81616.0
C5beQQAawK3Fy8ynA98WfaJTXPk6DDUTzUznvZmKyXg9,79508.0
4vD6PYp2BtVm3aua71mkY4LdwU5DFh829voCzjEf1H4D,78730.0
2eEso2sAipRHNZ54d4fRJyeC6mVJq73F5mvsL1wZb3tp,78011.0
egXWRKCMQ1kwbYQbibLGXgnFiv7StWg3LcqYqoma9hZ,77955.0
5v5dnqyiERHpjchhukpfJSPFYU57AeeoUqE43ztzE5Ec,76246.0
DjxVNPzM1DExA1vYKV9wyPuwBq1r6Sp5t1effpYTcnYq,73857.0
3Bm3HukBbB1eREqrsS76wKBYB7MkCUznLrcevVoHzaqw,73462.0
FQPmywNw2uSoExdLRCGhmn7XnjA6B98X7NpuMJFg8dwn,73161.0
9j7T2MaDjxEMP2gUQfXMJdXFqve8wT6hdPvJoXnUJguR,73062.0
ACBqaNNeqVobQPKN9U37Xg2aREEZePL2wLaNaqsAM67j,73062.0
SoLMAPutKhdpSSGpCCWioKfqqNQhsdaM8EEi41ummJM,71220.0
4vCrAaWFawRaWrDaZdcGkiK35UdhCDNzYpuBX23fKf2t,70696.0
pigiKqKi9dy5kh1kXpUj5cWLFmFspuwTr9JTjWqGM2a,68489.0
DfRaLw1aViwxsYVPTYePJHLmqYT4vRp4T3tuW78mMcTB,67554.0
888ZNwh76kGsgzV6bm5EXYxbqTnzctKrA4v8rfvy5UvV,66465.0
REFER4ZgmyYx9c6He5XfaTMiGfdLwRnkV4RPp9t9iF3,64852.0
DCDv2nqVxKykWVh6JruaW7cf6EhYWfWhzGCwVbujaESa,64541.0
KLend2g3cP87fffoy8q1mQqGKjrxjC8boSyAYavgmjD,64443.0
4k6A86QdchADpZEnX2uAaJSaKBPCHfgvaafmDUYXoZoY,63455.0
DoVEsk76QybCEHQGzkvYPWLQu9gzNoZZZt3TPiL597e,62144.0
c2LxYhNjRKYTXDmtKS4LAHWsuJdWwvjRUgPpwuRip2M,61025.0
J1hVQdJHcqLfkrqEgpJDg2jXnHWuiPkTjZKKc3CgctQ4,60867.0
cndy3Z4yapfJBmL3ShUp5exZKqR3z33thTzeNMm2gRZ,58349.0
EkGDxJvy3wQh2Wth4ssKbSCzhvZaP2f1cmidKwCvQhrG,56656.0
5bsvza81z1k2ZTyPXG6XuHmjPEtHP4xfkm8JUHEkGgns,56234.0
metaqbxxUerdq28cj1RbAWkYQm3ybzjb6a8bt518x1s,55289.0
FLUXubRmkEi2q6K3Y9kBPg9248ggaZVsoSFhtJHSrm1X,54861.0
JUP2jxvXaqu7NQY1GmNF4m1vodw12LVXYxbFL2uJvfo,54747.0
H9357nUdpMhyfTVgsGZihM6C7QeqpDEPbXS1S6m2X9Je,53442.0
BURSTBqFQnPSTSNno3X3Stdx91yCS51J9MH7uCP1knEX,51581.0
GFXsSL5sSaDfNFQUYsHekbWBW1TsFdjDYzACh62tEHxn,49868.0
nosJhNRqr2bc9g1nfGDcXXTXvYUmxD4cVwy2pMWhrYM,49523.0
3XGAyVizb1KnD6RD9N2yWGDRg2kfDxfViV6nwG5jBKGw,49243.0
HsB9PuTNKEYpotaAu6Be69R6yZtso75T9ns4QeM6okNH,48941.0
EzrrjyzYwAdpCHp4JFFYMJMPvKDdQ55eSPagdsAf9PVw,48691.0
6LtLpnUFNByNXLyCoK9wA2MykKAmQNZKBdY8s47dehDc,48497.0
HDwcJBJXjL9FpJ7UBsYBtaDjsBUhuLCUYoz3zr8SWWaQ,47939.0
DYSv1xnWN6w7E7nBV6Lhj14QustmxJsSPqYzYzVYxWiu,47532.0
APR1MEny25pKupwn72oVqMH4qpDouArsX8zX4VwwfoXD,46982.0
3Syag4hDMmrGvRCfaqfXQDks8qaFeVVGRbgQxbc971aA,46931.0
8SDTDjFz1HmP7qzUZE6QaBuUqQ2eHwXabHJQwqDQok48,45976.0
EewxydAPCCVuNEyrVN68PuSYdQ7wKn27V9Gjeoi8dy3S,45274.0
4AqVZjhXGpJJYQGUJg18GQwU3jZYBAyziszyK331rkDD,43876.0
8QxkA3bwq8Q3pL89S37iyrkv6VWjndzFAaRnVKjinXJN,43232.0
BX3FhBym2wQPj8PF3GeAJqifsr4XkPXRFTdH1zqNwqjz,42180.0
monacoUXKtUi6vKsQwaLyxmXKSievfNWEcYXTgkbCih,41169.0
54QetFERPSQdFZHQzmEeNMqJUfcx98qy8vF8ZZHZnoed,40984.0
sharpwLgpgdjgky2RMntZxR1LHuE6hnzwzUXpMsbUy4,40938.0
HezERgpsTFbCfCNfJ6QoEJxFafdQtag7BJGj6aMeuZU7,40515.0
2c54pLrGpQdGxJWUAoME6CReBrtDbsx5Tqx4nLZZo6av,39602.0
5UeJfnpAbPDnDrjoxWbssQYKkqebnbKoVhWD9Jrgt5Cu,39327.0
GkxtmEXy6N1A9b126eY446C7ZMBHgNDW6itBNYFtqohE,39110.0
GJ1S56iDAYW4ErnB96gHfeJX3roWx6bF3RVnwyvZMn5t,38671.0
LUCK57mxzZiRGF2PdHAY79P6tZ8Apsi381tKvBrTdqk,36170.0
3AjJuRmMNmu3yUmYydhrs3xt1czigDF5MNTJzPNGVrnu,35805.0
DEXYosS6oEGvk8uCDayvwEZz4qEyDJRf9nFgYCaqPMTm,35735.0
GLSohC9s4EBzWfXfmoA9uZbysYFBkw2xkyqPiwdLvZ1i,35632.0
5WXwJgEkkgcZ1xKUx2vyVzKjR1iEeyMBGFjacisLpDfS,35456.0
F9SixdqdmEBP5kprp2gZPZNeMmfHJRCTMFjN22dx3akf,35123.0
8bvPnYE5Pvz2Z9dE6RAqWr1rzLknTndZ9hwvRE6kPDXP,34671.0
9qimJzb49iVZdN3244M7QnyBH5Btuw7CFb3K2epKUu6k,34598.0
minTcHYRLVPubRK8nt6sqe2ZpWrGDLQoNLipDJCGocY,34574.0
BjpU1ACJY2bFj7aVTiMJLhM7H1ePxwkfDhjyY9dW9dbo,33586.0
8w64KW1qMvTNG8JQZjzPmH7jxHvNYT3i8YQDQQYWvZAs,33495.0
AEJimkZ4G53ZGqiQAZscuvDbuMDj5schpycyXiFWJzHN,32798.0
frigo3wWChEJUDmS9BhrBiCUU6ywFxghsV767CEmwLd,30973.0
DzSdP9AM9UscYrqzWisbkZEKEutbBJAgCZo33oc3DiEJ,30307.0
3HJDg13GwvQPdrYQY21zougWty6f1X8tNouRrCDWrzKy,30201.0
8fdkQ3YNwDPGhrcRByWXczjTvnKh9BAGhYiy7t2B22Ks,30043.0
FLASH6Lo6h3iasJKWDs2F8TkW2UKf3s15C8PMGuVfgBn,28469.0
6kcnotjWsbEURePWFpDRi1dL3R7DfQ8cd9Npht9dgfLt,28063.0
FSSFbXXQrHAfZS1KWxxPPfj3xEioioewH7WVWtxCwxrv,27837.0
94a9n1W6L2rnxnZDzwnxZ8RpF5zh4dMwD7ddJoLgADnL,27615.0
sbattyXrzedoNATfc4L31wC9Mhxsi1BmFhTiN8gDshx,27443.0
FqGg2Y1FNxMiGd51Q6UETixQWkF5fB92MysbYogRJb3P,27325.0
CAH1VLHZSi67r3eudyLFUwMGPndWsyUHYVnQGsACGr8S,26540.0
BaNnQu8PwGkgyN89JGJVA51DNm4SRze86FBm7mR544H9,26502.0
Cex4jbsYdW3ak9kp1bX18AZQwVAneiUkrLiodhcRdB3U,26179.0
updg8JyjrmFE2h3d71p71zRXDR8q4C6Up8dDoeq3LTM,25503.0
s1owa2k7P2kkLEenZPKuGddWMVpy8Pt2oMVeBdtSHM6,25489.0
9EMJq8gn5rRV42vNJYxHVJ3RbwWuGguBP3aBD1dWBGFG,25062.0
opnb2LAfJYbRMAHHvqjCwQxanZn7ReEHp1k81EohpZb,24536.0
5MLjXX4o77P9sxwsYY4RQndPG5ffHS45YGc1dRdS7wX4,23954.0
8WhA6rGrFUj5JreBCBkgtkeKdiNR1BYKpwpPJwDoLP4B,23506.0
FZLYw1Kh8R1ykywSXdRffKAWpZP7vg8m2v8MuRtp7itq,23461.0
9JqyZvvbjAuvUjxWrjDksAvA5DYZEnX3Voa6MBuiAjmc,22254.0
AfjPnJz75bJiMKYeManVmPVQEGNcSaj9KeF6c5tncQEa,21990.0
ELEMisgsfkmp58w1byRvrdpGG1HcapQoCrmMJeorBCxq,21634.0
6fH5mddcnJY2fuprUot2xNa18evQXLvMeNEjnQV9zgis,21510.0
7i7tka3TgR4UpnzEunomU4wDyU4SdQNS1F5Fkr4HCmbT,21151.0
4itxBe4qBAwhB9zpEAw31d7w8o7gTQscYpxhRtUemjF9,20586.0
traderDnaR5w6Tcoi3NFm53i48FTDNbGjBSZwWXDRrg,20234.0
BPFLoaderUpgradeab1e11111111111111111111111,19898.0
TLoCKic2wGJm7VhZKumih4Lc35fUhYqVMgA4j389Buk,19853.0
hemjuPXBpNvggtaUnN1MwT3wrdhttKEfosTcc2P9Pg8,19705.0
TokenzQdBNbLqP5VEhdkAS6EPFLC1PHnBqCXEpPxuEb,19564.0
j1o2qRpjcyUwEvwtcfhEQefh773ZgjxcVRry7LDqg5X,19310.0
CPMMoo8L3F4NbTegBCKVNunggL7H1ZpdTHKxQB5qKP1C,19026.0
7sbC3fc38VqQ25qJ6Yz3V76piGGgerxFxUsxJRj3DM1q,18813.0
MarseeGuML6KGiMcZuvCFePtaoz66ch84eWtSzvPaug,18651.0
8LPjGDbxhW4G2Q8S6FvdvUdfGWssgtqmvsc63bwNFA7E,18207.0
hadeK9DLv9eA7ya5KCTqSvSvRZeJC3JgD5a9Y3CNbvu,18200.0
GX8ih1HqkE9VYmf7ndWsCKds367McCkzF846B8jcDc7e,18091.0
MoonCVVNZFSYkqNXP6bxHLPL6QQJiMagDL3qcqUQTrG,17779.0
MtFiXxLkBR3u2SKeMzTRv855LrRjJeNRLagGHXmzaVr,17776.0
4YDT2wYF3YWHy7pWnE2kzJ6j6syc2EX9XRHfAQLhiBMv,17281.0
BANANAjs7FJiPQqJTGFzkZJndT9o7UmKiYYGaJz6frGu,17225.0
b1oodtXw4tigt8MoRcRrWUGCW31WeFUtFMsFgwQpSQ9,17062.0
83cuygEXNfZgDZcj1MFdHgDD8kJuhKB6q5DCjGECgA6j,16925.0
Bi142U5mkEGbtmW4azcnXBg8uFJu4GaVKM4mzMxfRn6Y,16811.0
DuhxWoonZk7QVZEoj3fd9CXEgXKXfvDC4zogWMt4y1PC,16799.0
MemoSq4gqABAXKb96qnH8TysNcWxMyWCqXgDLGmfcHr,16348.0
DvYekppGNjU9Euvn8ts4fmmnDt3p9J7yQmpmCmzawY2W,16295.0
9sPwu7jwwPhcU7Sf6SsukvKbcZXN9jj2vyuAPeYn75ew,16109.0
FsW4gfZsTQXfgkaJTiC5iN8AqJUVLJvXnSNN9HKCnm5n,16060.0
cfx1svnT7WZyRbMY9TLxFwuDSae9xFKiVazfndrArEp,15744.0
PADWBS1VeV1LWsY6nciu6dRZjgSmUH2iPsUpHFVz7Wz,15555.0
4kmzZnRhGBr96GD6Gd7w8AYgg8nTqYQcCwVVVZZhxgTN,15100.0
G3qf2wmWSurK5S3f7HaenmNNsoiZQY41i9d3kboHURZC,15034.0
GQgMCXDDnwDWubbAPHJUBB7Ha6o9X8yKERwnoqHEBA4x,14960.0
Stake11111111111111111111111111111111111111,14895.0
dmpzWCpqtaYMyTHcA6kNuL7G33gyuDaBUcCnGAVeufQ,14839.0
2nAAsYdXF3eTQzaeUQS3fr4o782dDg8L28mX39Wr5j8N,14822.0
HWEHeKLzzwXix3wAT2HTNijeKChu9XERdqGid1UzzjPo,14507.0
9AyUhsKo3MwmPAuM6yT1cPvq3H6rHB2ycFi11JeVuqKP,14247.0
Dg5x6gPXMezwdkUPMEb7FxCqFJXhJVQadUor393aZT7s,14151.0
9G1SS8WR1aXYC6rbtZbKstEwB4dHBuWKYyuxm6yNKBjj,13987.0
Cz3A9NLLsZ4nbS1CNrYuq2bAgh7Q8jYWaBokLjwsMJjJ,13553.0
Wapq3Hpv2aSKjWrh4pM8eweh8jVJB7D1nLBw9ikjVYx,13409.0
SSwapUtytfBdBn1b9NUGG6foMVPtcWgpRU32HToDUZr,13389.0
31yAhWShTLaj9yFhBiez8nPEeKmH1HMZ5WMpTsvRDTG7,13109.0
ENToMb8jNjwZjXhWt3ddqS8y98NXLSqjGDu6Ukur4UcF,13027.0
SSwpkEEcbUqx4vtoEByFjSkhKdCT862DNVb52nZg1UZ,12994.0
MoDmVGBgVnpSh9JScTa7raat6Ar2NfCgbJqenkHdfYd,12967.0
4FVk93CNfXWNQqFVAZZUYpD756RwMt6iA7hDodiwmLvG,12897.0
2v4dgv78r2bTrr4XtW2hQMUcgPkYDrNEdPbQoh3G9F86,12603.0
4hPkNV2WsgPW1wHHcQebvV7GLyLgdDDLEx3Pu6LzJP5N,12583.0
GCXqwhARvU933C46PYgP6FbLYivfEQDk71jtWvKgH5W7,12574.0
DMzaaiAFZ7T3VMb1BRhpu1FNizfYkf5C7dzYCAJJntDR,12174.0
AMM55ShdkoGRB5jVYPjWziwk8m5MpwyDgsMWHaMSQWH6,12133.0
F7M7KCNieYf954dUbTmC8qZVUvyhdWibFUdUJYwVSeca,12076.0
6m2CDdhRgxpH4WjvdzxAYbGxwdGUz5MziiL5jek2kBma,12003.0
Gamba2hK6KV3quKq854B3sQG1WMdq3zgQLPKqyK4qS18,11982.0
6obGDxYBCH8Xvus77ZG4b6Fvd6RBiowAX3Z624uDKTpP,11869.0
REDp1DM7p7DfPvANGzphfTc44Ast3dT4kVSiFVfj4aP,11687.0
FSWAPViR8ny5K96hezav8jynVubP2dJ2L7SbKzds2hwm,11679.0
DnouDdypfXo1KBGGziPLiueeJ78ADU4aZs1gdxznp1Vk,11571.0
BXC3ZbPq4r4KU36gasp2atMA7mraucd5YD2r7skm4mff,11475.0
7jKxkCmDTWf7sRDEmNvsYZgDEU252J87B7TfL2RAz19n,11101.0
G9auK4uUuPhPx5wTmM1GzPfn66Y3wyxH2kWLmLtHbUkc,10954.0
tsP1jf31M3iGNPmANP3ep3iWCMTxpMFLNbewWVWWbSo,10864.0
D3JoBK1uCjgYSFQhQRTAzy2RYcuvxdFqepbcGsacM56y,10683.0
8fuKjrtLEVKuBWaagQDQC2s175g1mKyrAf6DVtx976t3,10603.0
degenhbmsyzLpJUwwrzjsPyhPNvLurBFB4k1pBWSoxs,10588.0
EMU3wBrQLWJrLNEvoCkz8ZKz98sKuvz6fxDFkFwJjJGr,10455.0
7uvnkZxh7Z1wwVFMQ1ak7u4LXWx9f8tkgUnMMyiZrSZb,10148.0
SBondMDrcV3K4kxZR1HNVT7osZxAHVHgYXL5Ze1oMUv,10089.0
meRjbQXFNf5En86FXT2YPz1dQzLj4Yb3xK8u1MVgqpb,9919.0
EHQywF8cUMu6WB1MPaCX2PEYJddYLhjEANq2oQCqg6mU,9913.0
6hK9DrApXkS7FvLtwq231pR6GK8AkmxTz9YarNPkz6Fa,9764.0
otterXYtgZ5DRUGX6JGtcZPg3GoWxEqcLrb9MjeCv3X,9651.0
GYoD4PRsycvCcubAiKuGKCAKLQ3tdwN8U8XwPZSSUDEb,9510.0
C6cQksDzZb5JBrs7iEzoD1Vymp2CXdekL5G55ffwkcRK,9506.0
72FXMcchZS4JRgQ62pKweYhHAkFA19PFoaqAUhWZmEFU,9473.0
ACEwjoHvKA3aB9tvQ59Phq51SJZdp5wUo7pXKyRGgDxo,9458.0
GambaXcmhJg1vgPm1Gn6mnMKGyyR3X2eSmF6yeU6XWtT,9332.0
F6KwbonKLyLNbD1SfWDwKN3T3BUxK3Pguy3yxWtxo9w9,9303.0
HMWNSqG37u8snqBapJd5Q3mJs9J1U8gXDeMJyRigbZwc,9255.0
999999PSvdd4xRbRJBSBKckxo9qmZGAVngyYVNiNEbS8,9112.0
CYPH3o83JX6jY6NkbproSpdmQ5VWJtxjfJ5P8veyYVu3,8812.0
RANDMo5gFnqnXJW5Z52KNmd24sAo95KAd5VbiCtq5Rh,8740.0
pigi6hfAYeDom6jSc77AaGirNFoE8WpNF7KrKoKkbmk,8739.0
JUP3c2Uh3WA4Ng34tw6kPd2G4C5BB21Xo36Je1s32Ph,8647.0
JVAp1DSLnM4Qh8qM1QasQ8x56ccb9S3DhbyEckybTF9,8574.0
4EBer1F6VR2kGX2vjyowu8MZP8GfXxSazAKWMNvUzaKx,7950.0
HL4MmG8QrPhFDhrASLXMhSNkMAk7f97zpwbznk3MqZVH,7881.0
TLPv2tuSVvn3fSk8RgW3yPddkp5oFivzZV3rA9hQxtX,7842.0
5ocnV1qiCgaQR8Jb8xWnVbApfaygJ8tNoZfgPwsgx9kx,7823.0
pytGY6tWRgGinSCvRLnSv4fHfBTMoiDGiCsesmHWM6U,7792.0
H5zfEoUfH6zzRv2R2FMQc1Joskn8UAC63fTqAQaU6umX,7694.0
7sb2AuickTgf1R75MycyxVcezvANKUsN2sPvLbtkWZpv,7598.0
mm8xSt2eohydqPbP86m8gRCCimRDinzpWQVCxR31ttK,7528.0
Cz14ijR3zQF6gqwsMDR4EfLJsJZz9qmmspkqg9e4W8cY,7504.0
J123vAJ1T3zgskW9yNUvB2NJtUYtcKrbypXJxUvqeoMp,7453.0
52Rcnbo9ZBsoPC4bQ9Feif5Ny1K65oCJjCVfpqLbsjLp,7389.0
DEALERKFspSo5RoXNnKAhRPhTcvJeqeEgAgZsNSjCx5E,7374.0
2uZSh1aR9b48aZbwPgiNGdY1r4dDQ3A6y7jYxNJ4PLg8,7369.0
Awm2zSgzMGTRraAVjRvshqLehy7mJ2Qr3maURDsoDmwi,7345.0
Dooar9JkhdZ7J3LHN3A7YCuoGRUggXhQaG4kijfLGU2j,7176.0
Leg1xVbrpq5gY6mprak3Ud4q4mBwcJi5C9ZruYjWv7n,7137.0
MEXkeo4BPUCZuEJ4idUUwMPu4qvc9nkqtLn3yAyZLxg,7114.0
6gttSLbru3kGHi6hR8o1KormYwSff6DzBqj3KBikH43b,6911.0
GmyRAeFrTSJNeA6jEm3xmx4ApNQ7iviVmvCgc2tRTKB3,6668.0
FC4eXxkyrMPTjiYUpp4EAnkmwMbQyZ6NDCh1kfLn6vsf,6666.0
1azyuavdMyvsivtNxPoz6SucD18eDHeXzFCUPq5XU7w,6605.0
mnspJQyF1KdDEs5c6YJPocYdY1esBgVQFufM2dY9oDk,6553.0
AexRYFWN1qkwUZZXXiv5NzZLhE3QoFJtos5yJ69gfC8x,6520.0
5xcBkS1k1pWErFjakTJjjMZReF8iErkWq3HCykrNwoT9,6480.0
4yaLMimzMKNHYyLR3xdwwvPehF4Hryjmrqqhpx2gNamB,6414.0
GbHFq8eVrmYvkAm4LpkpSm5PFpkV5zU5s6NKDoLKkkCS,6371.0
3parcLrT7WnXAcyPfkCz49oofuuf2guUKkjuFkAhZW8Y,6255.0
A1VwHLxNJisURhAjSDJLuaGKxnsgCPryQCkTE3YrNtZa,6190.0
JPMRGNgRk3w2pzBM1RLNBnpGxQYsFQ3yXKpuk4tTXVZ,6036.0
wormDTUJ6AWPNvk59vGQbDvGJmqbDTdgWgAqcLBCgUb,5983.0
34cTpanNJ5sDLrda2ZJpuNBpdJspCNc2wdFfRw4xSDTz,5734.0
CURVGoZn8zycx6FXwwevgBTB2gVvdbGTEpvMJDbgs2t4,5710.0
Craftf1EGzEoPFJ1rpaTSQG1F6hhRRBAf4gRo9hdSZjR,5692.0
DjVE6JNiYqPL2QXyCUUh8rNjHrbz9hXHNYt99MQ59qw1,5543.0
DraBoB2kryCVpoctGWgV57Gp42TQiFEkUhgsTRGuAwMd,5484.0
horusGnErMsGgbsCkmULrN6WX9RELihdMjPqarZsLLK,5483.0
strmRqUCoQUgGUan5YhzUZa6KqdzwX5L6FpUxfmKg5m,5307.0
DrYqhy5Nq9vHpdAEEzte1V3ACDkPjN3m1HRFJ61qD2fg,5306.0
Et61224dSES2QXfdCgvC8DHtd4gexJrktnfGrKs57NwS,5232.0
97d8t22JenPAwR85PZEXvc4gkvtAMZR9Ct7xuY11a2X8,5176.0
DEGNpUs8DhLSdDiU25BAmCQn2U6eN8nMAYwbLb41BPqY,5090.0
DDZDcYdQFEMwcu2Mwo75yGFjJ1mUQyyXLWzhZLEVFcei,5031.0
ABCDE3kCTzqvk5yXvFWzuT6MpNSGXRvCXxT55DsoqSF7,4900.0
SwaPpA9LAaLfeLi3a68M4DjnLqgtticKg6CnyNwgAC8,4890.0
DEADtFvRBCGEu6BoTdDnGHr7HxZTNLaCnEupGJ2KzFvV,4836.0
4tdmkuY6EStxbS6Y8s5ueznL3VPMSugrvQuDeAHGZhSt,4827.0
SPoo1Ku8WFXoNDMHPsrGSTSG1Y47rzgn41SLUNakuHy,4773.0
FL3X2pRsQ9zHENpZSKDRREtccwJuei8yg9fwDu9UN69Q,4702.0
zXBFMQqDe4sNmJLi4YkKzfsf77HSULtzHjJ3mbRNXHX,4698.0
44h1eXUrWt5jSzAW5WnBfjggJG3h6zxVGPh94HVZ1Qqq,4682.0
4U6MNAMRbYeTD4HumavhJ1ah9NQ5pNPhTNxcFdeybXFy,4502.0
76K2uWVuGMnPLWaytMf5uWEtrUEHrG3YaPqMGc6LkYXD,4450.0
2pi53pUUC5S4zyUU6Wrbe6EfYXS9LNcpikpwPFahtQQw,4403.0
HFn8GnPADiny6XqUoWE8uRPPxb29ikn4yTuPa9MF2fWJ,4393.0
SkykkEdfPbNNZK2gYz7vK7XmXp8qeAeUuHSsA76kke1,4387.0
FarmsPZpWu9i7Kky8tPN37rs2TpmMrAZrC7S7vJa91Hr,4357.0
8JTsfZhMyZbd5BLnNZhZqLQmskBz8u9f94gmyP5TyxdA,4329.0
RainEraPU5yDoJmTrHdYynK9739GkEfDsE4ffqce2BR,4288.0
AXRsZddcKo8BcHrbbBdXyHozSaRGqHc11ePh9ChKuoa1,4273.0
21cCEVy5cfmKiNQBBpKgZkuKLuVZ75r2XAJyY2AX4hHp,4244.0
4swapLFGX54axuTwXfkpYAoTpBBkSioaeitaBHiXigWC,4212.0
F2ZRV7yVTPEJ32HXZkytiDBTFZHLuMqxP8GfDsuLrCNs,4189.0
7ykkWq8otTqUFJVzxJ2JmDohzV45oD6GPzLG5jpQdxeS,4179.0
AWwbis2x7mx1EG27WaEg5kwSgX3UsM1Sy9r1eWp8dpiz,4173.0
MNrkt5mxjFzaY6MEnKqc4cuyZy4YqJyU4y4i6CFZwYp,4143.0
9ua9zmGF6SktoCsWXWQm3mJwAsqhSmjVNfRXpwLPKdBu,4127.0
SQDS4ep65T869zMMBKyuUq6aD6EgTu8psMjkvj52pCf,4075.0
8Ab8RvDSqx7WRL8p5v6hPFneQnWajKJWwoyxAGgHXiKb,4074.0
FASQhaZQT53W9eT9wWnPoBFw8xzZDey9TbMmJj6jCQTs,4019.0
55qMVb2XfEz5ycsb22ahfo48NRF5dEudxwZdz8Seutnk,4004.0
voTpe3tHQ7AjQHMapgSue2HJFAh2cGsdokqN3XqmVSj,3904.0
4bfLZc1xx3NjpUV6vPWzsY6m8mz42rVVctTZ1CMd6WmJ,3864.0
FLEET1qqzpexyaDpqb2DGsSzE2sDCizewCg9WjrA6DBW,3791.0
3cQQUNu2C5PDtZn9CSvyGf91LaEaWQonxtDXAk96sEDa,3741.0
F2BS6E8g3ho7wy8zMc6p4hQEvjhrvRhLgRzGfWuEhkRD,3573.0
cLmhcuG6pHbGHLzEKphgq6DBJvSiiY4h8D4kAppw7jd,3569.0
CQ7r7cC4q7g4ArDGHrB2qZcfKZJZD2t9BnbmKe4sSRk7,3557.0
toyBLV9GSVV456DbyxyjjEBJvEuFbBt4bCHz8NcTyYe,3487.0
5YFPohqAwS43VdgYDPgpx6KWUxDZ757tPDCGwWbo3P73,3484.0
stPdYNaJNsV3ytS9Xtx4GXXXRcVqVS6x66ZFa26K39S,3379.0
3s1rAymURnacreXreMy718GfqW6kygQsLNka1xDyW8pC,3345.0
EKyFHbjnNbFMGXUCPWthknxdCycbJTjkp3TMHSff2Ykt,3326.0
9XtYgKNfS4dPVPNQagAGgztMMeDftNs1LKoqnDtP389U,3314.0
hdaoVTCqhfHHo75XdAMxBKdUqvq1i5bF23sisBqVgGR,3278.0
EhDNBPeUEgWTLUY5fCmswap2khZgRLDKLsULynfpwedu,3222.0
9Jw6uYqxb5SNNh24dacnxoENjj3zF6UDUGPeXqShr2iJ,3123.0
PreLVWfqVrzWDSzi86rZA2KxTfbPhPW1vvrvKCCUUFK,3103.0
9ehXDD5bnhSpFVRf99veikjgq8VajtRH7e3D9aVPLqYd,3058.0
obpxLJNZLBRe4PpKvvVSPrFrmCJMDafWacJVR1r8uGH,3040.0
8wi9ncndmTFJspS6xKRftrcqEPzFjGxcWctGQgxqifEA,3002.0
LBPFqQLfL7v1HFaPaQLNaSfTK4KEq4MRupFoz5amwte,2961.0
VuA5vNSEy7MxJeRyd5aYsSMwuJ935sq4dQufV9ugaaz,2914.0
TB1Dqt8JeKQh7RLDzfYDJsq8KS4fS2yt87avRjyRxMv,2860.0
okxMcn3a1DBWUV2ZJ4hHyh3hFJ9jjS2krmNKti6jEHr,2826.0
Yum4e4ZwnSQVwLa8Hy9hS8tqkQo61KeW8Qug2vdKnTS,2811.0
CroweEgEiTd2JXXRw1k2Yoi4sLiNZ24KGy7jxaYy17XW,2772.0
JCFRaPv7852ESRwJJGRy2mysUMydXZgVVhrMLmExvmVp,2769.0
5tungisGgk1fmGXxacNT1NkPtZgRwJnJPVMK5kfHqx2m,2690.0
PopFiDLVBg7MRoyzerAop6p85uxdM73nSFj35Zjn5Mt,2684.0
F5mYQ3f3B6UmBv84bumcdFrRjejh9skG2cQGHNab2aZZ,2678.0
1atrmQs3eq1N2FEYWu6tyTXbCjP4uQwExpjtnhXtS8h,2641.0
EH3jRBcpfgR61rn6syXMmeSyXHsDpMYgSapLma3gFAq7,2640.0
92wdgEqyiDKrcbFHoBTg8HxMj932xweRCKaciGSW3uMr,2602.0
gdrpGjVffourzkdDRrQmySw4aTHr8a3xmQzzxSwFD1a,2569.0
BWS24p7zaqHo2QZXsvxESLQvzocYLz1KKPcA7nyJfvsK,2487.0
STAKEkKzbdeKkqzKpLkNQD3SUuLgshDKCD7U8duxAbB,2449.0
Fa6kFtQTgMf7g6eS3hgjuWY5zARRs8Pd48eDiG5UF7Dg,2429.0
EXiThgdnnkqpj77sY3gZUzj2xAQPZv49v7jEYNeaDgs2,2427.0
GmYBrvNNuUAvWEHSxPw8vYt4U8ArhKxGmF95ZzuCz3kF,2422.0
pytS9TjG1qyAZypk7n8rw8gfW9sUaqqYyMhJQ4E7JCQ,2403.0
555555Qj67GuATnrcLSc2mZSFwsKHRZyWiPfyRU8FsWo,2398.0
CtivAeeKA9QqwE8tWxwsohUoeDtwm9jnJdtYJMrWcXaD,2367.0
hvsrNC3NKbcryqDs2DocYHZ9yPKEVzdSjQG6RVtK1s8,2367.0
44K3ZnZv8W3YB4ba1oJHSBKsuARxDv7rXUaP4t3awrQJ,2361.0
72D3En8GQycjtunxf9mgyR8onzYdPqYFsKp4myUzhaRZ,2354.0
vo1tyJC57RaAXZ3t7rhqxvHH78Ga4GNYsDqmRxhFqVW,2353.0
Cz1kcpQmcQykCzeFpNd85y3LymPXtshYnp2Amh6YMKbd,2289.0
J5x7WLe2E4H8NvSodDyZ8yAcgAoao952BXnrpwqiTgEE,2288.0
HA9MQYVMD8Safpcro2LmTgf2y3ibiir7q9izEPNKxRGh,2268.0
ChUoK9HYUnhGWL3rmiDebnf8QRvu4iDU3yvt33KhoPvW,2236.0
vBoNdEvzMrSai7is21XgVYik65mqtaKXuSdMBJ1xkW4,2204.0
DYF7B5yXyeyGcBhKGqqtYoQqDDDEaHAicg3tNpYy4DZS,2146.0
RhoN4PDAVG19bziREMQDsUigqPyWk1wb5hABQ9fFLDC,2140.0
TL1ST2iRBzuGTqLn1KXnGdSnEow62BzPnGiqyRXhWtW,2136.0
BrdgN2RPzEMWF96ZbnnJaUtQDQx7VRXYaHHbYCBvceWB,2093.0
3PaiJngq2bj8bK8qLvUxpJ247UKW9CS9BWKyDuqu3D7C,2084.0
EDcyZ4xi9AUn7E44bXPn33nET5E5qkzbygZJC66unkV4,2067.0
2RoWfh3xNtwGGpoXmXAWbVgiqqYiNEb9QrPYshQjRDGu,2040.0
67h8G6zWi3bdwmXJjPd5wxyNn5Gs2BrMwZZLMrWdAHsp,2039.0
GovaE4iu227srtG2s3tZzB4RmWBzw8sTwrCLZz7kN7rY,2024.0
EXBuYPNgBUXMTsjCbezENRUtFQzjUNZxvPGTd11Pznk5,1982.0
5MKGZyWmVAyJC2n38oDJDh3kGXo8xCvQVBH8CzeAKQV3,1980.0
SSwpMgqNDsyV7mAgN9ady4bDVu5ySjmmXejXvy2vLt1,1976.0
EFgKVf6zAA8vWzoZx1xP7tga6mRPUvuNhawk5Jf6yg5E,1971.0
AACGY81wTW25Lv15S8CsNk4uXAr9zbWuZzFVY3UdNKgG,1934.0
9jvFySUD2Ag3DZ166CmrZJAM6RhjUUD2Y78a5vPteMb5,1891.0
exe59FS5cojZkPJVDFDV8RnXCC7wd6yoBjsUtqH7Zai,1881.0
minteryKVhwRie3Yn3Cciyxzjv3bLfEgfYi1wxTeFkm,1864.0
1NSCRfGeyo7wPUazGbaPBUsTM49e1k2aXewHGARfzSo,1834.0
8qsXmCeeBXaBNzavQJgn9vfX6futxjTd5Cbpiuz4fTua,1821.0
stkitrT1Uoy18Dk1fTrgPw8W6MVzoCfYoAFT4MLsmhq,1745.0
DYQmejNfHStUiwq9dk5QMQUDFNJ86YecMNTNaRbUEhNz,1738.0
6CxK9oHz9E53sdhpkDUb5CAmPpPp8G2vkLx4yJRStU7k,1709.0
3QKZHNKDQsxPp8RjTmaci5DAyybv4BFmU5UUYGqtJJr4,1692.0
inscokhJarcjaEs59QbQ7hYjrKz25LEPRfCbP8EmdUp,1684.0
pccm961CjaR7T7Hcht9omrXQb9w54ntJo95FFT7N9AJ,1681.0
BmjJ85zsP2xHPesBKpmHYKt136gzeTtNbeVDcdfybHHT,1678.0
5pBn2Sxa41SUuTxKR8s91kMn9LHptd7Q9AA7nP6mqa4W,1669.0
BtDDM9Nve5JXUVvDg8wmLDVwzgGB8pJ6oum4fGRKM8Av,1643.0
CQ36xjMHgmgwEM1yvJYUWg3YxMvzwM4Mntn6vZrMk86z,1623.0
D7GW9oKTWPLcbKrtRMqzfXs3F4sLft5UFqapjXbZgTaK,1601.0
6HW8dXjtiTGkD4jzXs7igdFmZExPpmwUrRN5195xGup,1590.0
SMPLecH534NA9acpos4G6x7uf3LWbCAwZQE9e8ZekMu,1581.0
5dxcK28nyAJdK9fSFuReRREeKnmAGVRpXPhwkZxAxFtJ,1558.0
8ahPGPjEbpgGaZx2NV1iG5Shj7TDwvsjkEDcGWjt94TP,1556.0
gCHAtYKrUUktTVzE4hEnZdLV4LXrdBf6Hh9qMaJALET,1490.0
FTHRN99BbTARUbByJrePnh5hAu4h4YBxeRnzuVgoZoNU,1467.0
A31tyjP43TCTFynq1S1dQ4yyygK64BqknkjkggEVV5ba,1458.0
Auc6pav58pHNg91c9fJqLwodaya6yEaJuzGtNHnPC1eH,1437.0
7quSsn7Ly9BuEJdVbHra2QhgiT5mzK1V5Uq9TqRRpQzj,1424.0
5ic31ZwHCvL9vg8b4er22TDLaDyLakEv167CJNTsyXhU,1414.0
Pinks8fXRcJ8EpNjK4vCf7saJ5hFeP9zRXGPwZrTukQ,1414.0
vestJGg7ZMQoXiAr2pLV5cqgtxFhEWzNoZL5Ngzb8H4,1409.0
4bJn5MAi9FpD4G7JPZm79cWpdpdcAc3pf2aWKKDo7n2a,1395.0
7gtUXpswCgTQ6ZjvWjttVNc6Tgdj6WpHFYmVTkEbvkc8,1390.0
VoteMBhDCqGLRgYpp9o7DGyq81KNmwjXQRAHStjtJsS,1335.0
DmzAmomATKpNp2rCBfYLS7CSwQqeQTsgRYJA1oSSAJaP,1329.0
BLZRi6frs4X4DNLw56V4EXai1b6QVESN1BhHBTYM9VcY,1317.0
6DqaPFHsrZStL6sgF2BsLo9vahU7ySZZwusn8VLyw5R5,1248.0
KoMAiytDaZcfaMHdiym41PhVLYWWfFFBQCsgE2e3GPv,1230.0
3rVEgTR97opXeV2DPaHbyj4MTXbTWcQ3eeUcgdcmKkyT,1222.0
GU9rgG3GbhC8yJbW6jW3YSeTwgbHa4JMogFD7ZemEmod,1221.0
JUP5cHjnnCx2DppVsufsLrXs8EBZeEZzGtEK9Gdz6ow,1220.0
gateVwTnKyFrE8nxUUgfzoZTPKgJQZUbLsEidpG4Dp2,1208.0
ARBYSj3UMFYry2aKCtePz2RpD6kh6X5Q9n4P3UVQS3fP,1201.0
Heg9dzyBM3BL8rkVcHrhfNoRm7RPn4wn3dCzhgfCfhYK,1166.0
4QABZet2bwGvajeRYPfBQtHyaRVZ12oTHvrsabZ213qC,1165.0
CTMAxxk34HjKWxQ3QLZK1HpaLXmBveao3ESePXbiyfzh,1161.0
DTnV3YDaF4Je8YnGgv6SyFS6uGWtabKVNraBkC9hJPS4,1156.0
KdisqEcXbXKaTrBFqeDLhMmBvymLTwj9GmhDcdJyGat,1139.0
9y7vKvCd1P3N7R2g77rFoSVrLSvLAUCyPi4vMpXiuwnD,1129.0
Hq1x133jLiHYU45kN58tC8UUcDQ3rzDtUSNZkYKUk3ZR,1126.0
E23vtNG2mhHZFWzCx73zYey8mzfsUm5HBWQ9oS9vUYkw,1116.0
3E2pw9HX6obU5Ykk7qui7rB1JWGiNSyBncXvciJDpXST,1110.0
BEcuyzvwmTv1FbPykyhbwEwosFJZCZ59TpjXwpoPcBhS,1085.0
DNRxoc4mckCvY6Wt85gyxTJ1UVRcg6GXGADe5SY3SfBK,1061.0
Dz13rduwvPqhVjZZo7pZXQoBVTk8dro6LUU4bNDPM1eQ,1054.0
PSMxQbAoDWDbvd9ezQJgARyq6R9L5kJAasaLDVcZwf1,1049.0
nirkXSE28jCQoK8SmKWqxXz3L9vbSRGKS24iYJj8Aeo,1040.0
wiNxZnZuVwjKr2VmDbdSkBfdWwRkxyUm79nXCfZAhTt,1038.0
STAKEQkGBjkhCXabzB5cUbWgSSvbVJFEm2oEnyWzdKE,1025.0
E7vFBbExms2r7NVdcbBXkohdmwD7BoS7yaL8i1tCjpxV,1011.0
DVTaMe1WnmkpR4bEZSZfjx6CUwUETSWZNGPy7M2BD1BR,1009.0
BqirtYFXWbEaQr2VxcDKZ7nehZqNtqrLJbpoUaBpPZ6z,957.0
ATLocKpzDbTokxgvnLew3d7drZkEzLzDpzwgrgWKDbmc,933.0
9xQeWvG816bUx9EPjHmaT23yvVM2ZWbrrpZb9PusVFin,897.0
FFxRNZyzkQacQnkBD96ksKid4HScE5Bd33gKdyJ4aJyW,891.0
BANANAesZoESMCSsQDQBwWuEvAUnUbbuEmdSAHggvJVS,877.0
9KTTmg9ds35Lr2w7Jbq898c9qx4rdES3Qx7EnfCNWjKu,872.0
3TbXDgEsMwxsh61zgo2m19wXVAmLbJVKBiGe5A2W58MD,866.0
7Zb1bGi32pfsrBkzWdqd4dFhUXwp5Nybr1zuaEwN34hy,864.0
tamaePALUFK3hfwTkWrkHY2aDrPqkrHHq1w6JGP1hPT,854.0
CgMn3ZV7mnyZxEY6wi7u65cXuR4GQMYnZQrB1ttQ1Kz5,853.0
GovER5Lthms3bLBqWub97yVrMmEogzX7xNjdXpPPCVZw,848.0
EUd2qdzRyLq7t6mfsXQPSgf2nFqK7UcMRdEk34ePcDTF,846.0
Bt2WPMmbwHPk36i4CRucNDyLcmoGdC7xEdrVuxgJaNE6,838.0
TWAPzC9xaeBpgDNF26z5VAcmxBowVz5uqmTx47LkWUy,828.0
SaLeTjyUa5wXHnGuewUSyJ5JWZaHwz3TxqUntCE9czo,826.0
mrksLcZ6rMs9xkmJgw6oKiR3GECw44Gb5NeDqu64kiw,804.0
9NLjj4Gj2fEYhujN7znkiLTVjDsiKi7h1mQvMdEffDTw,804.0
HQ2UUt18uJqKaQFJhgV9zaTdQxUZjNrsKFgoEDquBkcx,793.0
HYPERfwdTjyJ2SCaKHmpF2MtrXqWxrsotYDsTrshHWq8,793.0
6Mys68BKcny4T7U1R1AMr8iVuGrDtMKiPgVbpGWCbbK5,779.0
9KfNUjHJimvkrB9xtcudNeVMeKwZ5cWD4myLQ1akxdtN,762.0
5quBtoiQqxF9Jv6KYKctB59NT3gtJD2Y65kdnB1Uev3h,756.0
omcpZynsRS1Py8TP28zeTemamQoRPpuqwdqV8WXnL4M,755.0
worm2ZoG2kUd4vFXhvjh93UUH596ayRfgQ2MgjNMTth,734.0
BUDDYtQp7Di1xfojiCSVDksiYLQx511DPdj2nbtG9Yu5,708.0
9qWEUss4PnL8kTPrnG96BpMqWZTrRo38RsqKapuSsmJK,706.0
6q5ZGhEj6kkmEjuyCXuH4x8493bpi9fNzvy9L8hX83HQ,706.0
ZEEX2PvFMBN1bZX6RoqFdexTCjr4FiHGqtjMHBEx1E7,700.0
6NXQFMa7t8NidjKykk2sAARAU1Eg3KNcoW7bGqn4AMgJ,694.0
SLendK7ySfcEzyaFqy93gDnD3RtrpXJcnRwb6zFHJSh,694.0
LiquGRWGrp8JKspo8zDDu6qpRmX1p6U3PX2USqiE1eg,693.0
src5qyZHqTqecJV4aY6Cb6zDZLMDzrDKKezs22MPHr4,683.0
HDAFEjkDkfa64pjFNpCKTXv2ShaLV5DrkF82eD7NVfbJ,680.0
5ZKhigaUWXa7GGhae8UdUjJtNJiMBLi3igGVstef3tHf,670.0
Go3rkvETdfWMwTgZsZVKXWF4MCdMNuQtym17q5Ap4WbN,664.0
7cJ6QMwHWZHjh24cqUF45C3VDH9qDMLLfJpGk3dEFDY8,662.0
ButTTfaLhPzisr92DnCuGvb1SKXgRyy95LcTCK1xhPMi,657.0
credMBJhYFzfn7NxBMdU4aUqFggAjgztaCcv2Fo6fPT,655.0
CNHqGbGfm4mkQg4czv2hni1LxhwReQPC2pCSG8gzuM2x,653.0
SKY3EZaE5p8iXG1ed4kiandK1wnwwqxmWBhjEFykaHB,646.0
memMa1HG4odAFmUbGWfPwS1WWfK95k99F2YTkGvyxZr,645.0
AHXFqPbBRnxPcNStkzQumQBfUV5L7vN1EL3i3jpKzpWn,637.0
8MDoMnPVa2LkMpQrW5CNjJ2xpaPaU2Rw4PnKb9pTtur6,636.0
AtA3riahYEopN59jQu6gTL8Dix7XKunY2PBH3jnRv55u,627.0
DeJBGdMFa1uynnnKiwrVioatTuHmNLpyFKnmB5kaFdzQ,620.0
6yHJs7feH4nKfaRjagas97JuKCEffMnguqZAxCBjRofh,614.0
5LrvAY5wXBnw6pPmQ2HeZWHw9hxdsgiG98Dotg3e7Bei,614.0
Ga4jYYauLPueMzEcuUsejFVr8USBaJFAGj55rYL6LVqX,614.0
itEm2FtqJWqUmMTYrUxoFcmFtBxEpd68VTmxJamQXA3,611.0
2feEyEd4bDT291hCU6Xqo8ycYh7TcimYQvEH36qWQQbW,607.0
HCg7NKnvWwWZdLXqDwZdjn9RDz9eLDYuSAcUHqeC1vmH,606.0
6YV7CRN66dxciLUqLmbVwgqq8esaCYbPN5DUM9xHsAT6,603.0
H5sPxjfAmbHWC4C2A4ZebRgDamQeLhgaAyCSsRmvuwcM,602.0
SDX1KCXoCUv49n2DQKmVy6XThqbHpx2jXdGBXDT1npp,602.0
ELUEXX8W2BnEnoeMa4QFJp63KbAkW2kgTNFTZhCjyWsQ,599.0
8tBcmZAMNm11DuGAS2r6PqSA3CKt72amoz8bVj14xRiT,598.0
DJkQtEVXCsLHn1Xyo1V14WXbC62GCCcsCbBo8kwYipCm,579.0
DxtrRipSQyAi25VodRkbuXATBmwTdApuH2cg5iNd9H4h,575.0
6L4jgKcrFxNbo2Pg6F7JKZpUMveHpQ2BdDfkFUxjucEh,568.0
8QJmxZcEzwuYmCPy6XqgN2sHcYCcFq6AEfBMJZZuLo5a,565.0
9SGsN2AtcuYvyEwg4hRjaDr2oU7vLVVNBW9spsgiYpU6,552.0
exAuvFHqXXbiLrM4ce9m1icwuSyXytRnfBkajukDFuB,549.0
A6VqF5jf9dgtpPso8a8ohmfewSyyFa4NdNHErYh3Q6YS,542.0
6gbfSJq7YN6To7TqYhHpZRh22P33MTtc47EAUr9fEYKM,541.0
HgtiJuEcdN6bN6WyYpamL3QKpyMcF8g8FxutDQNB96J9,539.0
CSGrdwbJ5z58tLGKjjcmiNMj8bG1Zazthk3cXMrbSZoX,538.0
642Jokxyx8aWYeB5rjor2WzsAybZ6QZa9aXKZhJHf9w,524.0
25c2ojUsK7i2AMJMmXg5F34waXTq4GcCP8r6DG7oY1Mn,517.0
EPAdVJ5S317jJr2ejgxoA52iptvphGXjPLbqXhZH4n8o,517.0
337sTTQcZv1dgMpcpXV5e9RZ8kVHTTNBpdKDx5cKW7T5,517.0
1oanfPPN8r1i4UbugXHDxWMbWVJ5qLSN5qzNFZkz6Fg,508.0
9zEqte8gjsGkJLe8N8BsuH7CU9Sn9dCET8tVUCuZwY9r,507.0
3uCraqitfDjLyA74gpws3w7u7E1nLK8paPhqhQHGjJH8,507.0
ocp4vWUzA2z2XMYJ3QhM9vWdyoyoQwAFJhRdVTbvo9E,496.0
HB8ZYEvHjTG1eS85J2HYtFSsvVzZBrqrTe4qjirCrqdx,493.0
shie1dtw232LZ976iaunWVCDzzGpwNMfWHPvR4XZojB,492.0
B8HwMYCk1o7EaJhooM4P43BHSk5M8zZHsTeJixqw7LMN,486.0
HS1tot232xHvvDFuAB65pPoA4yZyxsw3FiWDqS7Ef7Ji,477.0
8kHP6KmHzvnn5RH7EtmK1cJJvs5pBNgAXS8rLbACqoTq,467.0
52SsgJHbXmZAnpKVnjo7CYHh2gx1qtKPrdog88eax1MM,466.0
7nbuqX97unyGsbekkWTvNSe8WyqQJQTkvmfN1umrgMST,465.0
JSWX3pKDbj2EdCMu4ei7sPYSpdcwZNyjkDSteoHQ4UH,465.0
4nMZ7rNjSxZZF2hEfUv45poQYWyzBAWwEhRRBs8bWuaB,462.0
DiSLRwcSFvtwvMWSs7ubBMvYRaYNYupa76ZSuYLe6D7j,458.0
Gd9yhiRgrggdz2bJfntC2H1sRwzuzDssdhEmUFrC1STF,454.0
Hp5rM9vmyty2TcCkZemBhSDFwQxN5mPd1uhy3FzRXagy,434.0
a1mYKMxKD42Q6L1e4KdYCDvvRkhVDUiAMS6uTDtz6rs,432.0
E7HtfkEMhmn9uwL7EFNydcXBWy5WCYN1vFmKKjipEH1x,428.0
CBUD239KbX1o8mwbGYGm9hLCKBmS1WXaLHXjKsvDsNRV,426.0
4pP8eDKACuV7T2rbFPE8CHxGKDYAzSdRsdMsGvz2k4oc,424.0
Abc5cB1nXZwAD5SA3ynvk93Q3i2zAoRzdo6k75b15G4z,422.0
3snb6ipZvzuQAkCppWMaHLUw3oLVFEmNCEB8GiU1tD7X,422.0
memeVtsr1AqAjfRzW2PuzymQdP2m7SgL6FQ1xgMc9MR,410.0
E1XRkj9fPF2NQUdoq41AHPqwMDHykYfn5PzBXAyDs7Be,407.0
PLENDj46Y4hhqitNV2WqLqGLrWKAaH2xJHm2UyHgJLY,407.0
UXDB5TJ3LrVCqdimisGAd5rmhP2e2zJxx6WQmq5MBzk,389.0
EhhTKczWMGQt46ynNeRX1WfeagwwJd7ufHvCDjRxjo5Q,387.0
AzwpZ6PWBUtiwa6jxmUcB9mVuaSouJEFiG5i5n5ABU8H,380.0
FYvM2cDSHJ8wUNjrXRYUifzAxCcv7vaZNLsPXDmUwxug,376.0
BSwp6bEBihVLdqJRKGgzjcGLHkcTuzmSo1TQkHepzH8p,376.0
9viNxbZGfQBiCkv25toKhifHq99dVDHPDmT875Rf5gnW,371.0
8SggVQERk6p5G1Rp1JmfFog1Ud8KJHAenS7d53ZsoixS,371.0
crcBwD7wUjzwsy8tJsVCzZvBTHeq5GoboGg84YraRyd,366.0
zF2vSz6V9g1YHGmfrzsY497NJzbRr84QUrPry4bLQ25,354.0
MarBmsSgKXdrN1egZf5sqe1TMai9K1rChYNDJgjq7aD,352.0
bondwbhv3sqgBgtzDZmyeohLrga26AcNiBvJ6jQzwgd,351.0
GReEN7h1Dcd845BNMz46gJjyzpruguwT75yfuLY1ZURj,349.0
TPTdwtR49VdFBn7E5sTS8ESVqv7ZyghQ1tj2GUVjrVk,344.0
depB2VkUdUCctj6YW1qjzUTWpJtUVL6Qnc9UyaL8Wzy,343.0
UXD8m9cvwk4RcSxnX2HZ9VudQCEeDH6fRnB4CAP57Dr,338.0
DupSD7d2Q8pbVsmVLMbzD4kdCThdajJkMAa5JR6Ru9EU,337.0
FoXpJL1exLBJgHVvdSHNKyKu2xX2uatctH9qp6dLmfpP,335.0
GBqVfyHtdUyY8bbpyBy3YAGqA1nWT6K9A2JdmAS2pth5,332.0
stakeY8fAquw5iNrTuYXDHuoBUCWqNMpHvcCtNaLyhz,328.0
TGARDaEzs7px1tEUssCCZ9ewhTW7oCA1MnY5y7rQk9n,325.0
cYsHcSU42XESLPquuN1ga94jm1wVMg11wVcxqvofA3k,319.0
G8Jeqq2C7vkvCEAsz2K3vymzcPFJNxUsQ5YN9eLBLRud,316.0
b1dofbRbfjWrjXFNB6dx8NhiKTF5rZ44dAW5gKmdZtd,312.0
64Gkr29K1xh9WuKDTLVpHSGi5hqKrFoZDuSvAmJZxHgD,312.0
FpLx2fBFYm7g2LGLkoZszYuCePjuCKacVZceKYy6j2wC,311.0
Ewkv3JahEFRKkcJmpoKB7pXbnUHwjAyXiwEo4ZY2rezQ,307.0
jCebN34bUfdeUYJT13J1yG16XWQpt5PDx6Mse9GUqhR,306.0
Port7uDYB3wk6GJAw4KT1WpTeMtSu9bTcChBHkX2LfR,300.0
5Kmi2sHYKD76GySjL9Tkoi64eLwGpiZCW7zUpbpJ8B5m,300.0
MLENdNkmK61mGd4Go8BJX9PhYPN3azrAKRQsAC7u55v,295.0
4Y1TKaxosRRyr43XcHzcNJCKLRJxTcYAUi5YGYAjoygB,293.0
8VUSmELRud9bVXrc8eJ4oApEAJmnVeFdV1BMJV82v1RA,292.0
ENicYBBNZQ91toN7ggmTxnDGZW14uv9UkumN7XBGeYJ4,292.0
2BUd4HWvcj9KZnQZdqxi83XeQkfBbhVagDJjn7DH55ix,291.0
AvdDZ3qG5b4JcVViY6MZUDhbmqCMepNfoTEyUkqaaSY1,286.0
HeiSE4Egp1KLQzbTx9ztkR3Z1bXmiwsDXV4Jf6f6tUU5,285.0
3Jm5r67zC5a4AAWoQqygKQiX2S9VQDusBY5KajCL2m36,285.0
nop9m2YgtZDh8c25izMPgnDKHdAQj7y9wi4szHLzhHy,282.0
2QXU5mDd7cfUpYQpdjxSC5n5P99GK9ExyxfNzAt1gTcV,282.0
DF1ow2u6srpvhAXjR3wx6LUh2UTtpbLJSCfD2eBeSveG,281.0
FANGqNNwg2FbMgagvaQ914PN1D6i4eRxSz4PncwfX57j,280.0
AMRPALpZCa6GzZA2gcx376CgvHupCmJkHLTYSXNsgV8f,278.0
4bcFeLv4nydFrsZqV5CgwCVrPhkQKsXtzfy2KyMz7ozM,276.0
EgSwJM9fWpNUBBxTMErqLypTRwNuQvaWyCbzpr3U4jHg,275.0
HYzrD877vEcBgd6ySKPpa3pcMbqYEmwEF1GFQmvuswcC,272.0
FvEgGkxnJGsfMseKvV58xUUEw5FHG8RfkGSbs8LjGU2v,271.0
FarmqiPv5eAj3j1GMdMCMUGXqPUvmquZtMy86QH6rzhG,269.0
1Ng24Br3tuksXJuJ96YyWwxW13oGkEfkY3UG9rvZVCu,267.0
PsToRxhEPScGt1Bxpm7zNDRzaMk31t8Aox7fyewoVse,266.0
315tSnBofejR2agUR4uQDB11x88nfqovRBNN3zL5cDxu,265.0
nosScmHY2uR24Zh751PmGj9ww9QRNHewh9H59AfrTJE,264.0
tMBvM2ioL9UuKM3HZAPimrkf2WYRuRZGFqgvyg74wAr,264.0
dvyFwAPniptQNb1ey4eM12L8iLHrzdiDsPPDndd6xAR,264.0
4JSALTb4QbipG7NNLryAFJg4y8X5C1ELErSncsVMA3gZ,263.0
brdgGYmhGdaAJmqLN9oSp4381Ywc51vUfzn9NaSZC1d,262.0
8iFtgbf5rLykLamZEoySUjhn7KXM7GKSsuZQNpDDmj9M,260.0
CndyV3LdqHUfDLmE5naZjVN8rBZz4tqhdefbAnjHG3JR,257.0
TCSVHqadS2swhap43BnZtmeEAPNXfpc3w2HLBredVaR,255.0
jnM15XrEKZML8NyH33VaxagJxPGTXWahbkrvUaiPNSU,255.0
HttDgr1KeUVBoUGMm8rUdG8PzHLwETPLSnvjAXGzRASN,253.0
F96ZqjQ88f8cvXoJ2oK8x13BEagMBTXxhHP7PbJDBs2,253.0
7oyG4wSf2kz2CxTqKTf1uhpPqrw9a8Av1w5t8Uj5PfXb,250.0
spinduHCbffEv9k4dnWzBSi3Fuev13U24KfzQrHNjYo,249.0
6NcdQ5WTnrPoMLbP4kvpLYa4YSwKqkNHRRE8XVf5hmv9,248.0
hausS13jsjafwWwGqZTUQRmWyvyxn9EQpqMwV1PBBmk,248.0
DraWMeQX9LfzQQSYoeBwHAgM5JcqFkgrX7GbTfjzVMVL,247.0
AZBA2sk49ommp5WSn98eTEUGHNnEEQaA1rjXcYziWSbN,246.0
4YFNQwN7ut5FH8ptVXatf1xcgGdi5gsRbBYgmLRaYvNd,244.0
2EasyexcXJ2b6FYJAk4vgWTjhxJcyjC5s9GsqUiz8REb,242.0
RoTom5BFr7M1K5cNwwLEjCVemqvJZpjGwQnFvi7GgHA,241.0
2gvBmibwtBnbkLExmgsijKy6hGXJneou8X6hkyWQvYnF,239.0
AVSfkTcLkDc7cTWr86YNdue4FHUF5h7hsXfdhYvzodq1,239.0
QMNeHCGYnLVDn1icRAfQZpjPLBNkfGbSKRB83G5d8KB,239.0
TMzXzV3VwPvrhZLBZQSAmthKYJXYbxcS3YvyEE9jsYv,237.0
pprofELXjL5Kck7Jn5hCpwAL82DpTkSYBENzahVtbc9,234.0
BdjERNVxiQNxv2JREtKc1pZqQ2NXZTxzEzMhtRuw7utD,233.0
MEVbit1CZN1oHXJkcKDNkFmFSMczHVZYnJQpYgGZSnF,232.0
NTtAaoDJhkeHeaVUHnyhwbPNAN6WgBpHkHBTc6d7vLK,232.0
AzhUBznGrGtw1W7jxhbiY3Vpu5bzVPdb5P5PAM65rnyW,232.0
EJqwFjvVJSAxH8Ur2PYuMfdvoJeutjmH6GkoEFQ4MdSa,230.0
CLMM9tUoggJu2wagPkkqs9eFG4BWhVBZWkP1qv3Sp7tR,229.0
9hcjX5XD6ZxUUwHdBydVwayiGsTBU9MkhRw1qgzhr5o,229.0
pUCAf9LdvCPppDoKRzNnxhg2jdJJLv9XF4mgWMmFaAb,226.0
F2rL5VpoLrc8uaKHtayaFCRj3ByDTWd6irEjSptYDmNF,225.0
ADU8PD5sTVZ1iLBy7NuGVQCwFda3HbwsZKYntYoBfQpu,225.0
hqJG5A8PeApKFeGHTkvb3V5JGoyEsEcq5woKuR6BPXR,223.0
CoREENxT6tW1HoK8ypY1SxRMZTcVPm7R94rH4PZNhX7d,222.0
CarrotwivhMpDnm27EHmRLeQ683Z1PufuqEmBZvD282s,221.0
F1pkXm8W1WNbRvMoZTuKftHJ92ffuzddCCSRKKvCVL7n,219.0
FoMotN3mJB5QVorWrgF7gHRoguUYRr2dApDondesrYe,219.0
xferQeFR9H9rnwqpMYEtPmGUVk86grDwEhMwqEvGcFQ,217.0
pR91dpRWXBmSSE9hVVSwzHMZ9PV9sGhWfTXXpD2biCg,217.0
CrfJeEHx9NApYbtsEvHkwXGbmHU6bPaHzKodx4p9Aa2c,216.0
Bf7X9xMm4MNDpg8CjRvRwuyAabZPdQtDFH2kLPTPNuur,213.0
SP12tWFxD9oJsVWNavTTBZvMbA6gkAmxtVgxdqvyvhY,213.0
AvAtARWmYZLbUFfoQc3RzT7zR5zLRs92VSMm8CsCadYN,210.0
28yMrqNvkZZ382KvGEMtJZvTLdrCBjhXjMfj1gFxgHFc,207.0
GqX8Q9TK2s9ox4HbKHWYW7JHK1odKDQfFufvr73kX6zZ,207.0
AiYDM1aENRMM9CkbTbR4X1S2GgW7ygEVbhVvgxxjgdcp,204.0
3HUeooitcfKX1TSCx2xEpg2W31n6Qfmizu7nnbaEWYzs,203.0
orchgVVUB6orDudaxfV2TWhq7v9C9GsZLJu5geVtPRs,202.0
3gfCuSnJKxuMPp6d3jt9JzMomXDR2C8STsWds5FS678R,200.0
BYb5Hn9ftJFRhNaSWPWGE8ZJsse2JoJkmnhDp1nneeYG,198.0
GMjBguH3ceg9wAHEMdY5iZnvzY6CgBACBDvkWmjR7upS,197.0
5ZvwK4MCoBcM57GjzqNKjMES2BXHxz1eBLGHcRuBr3xG,196.0
E74bvE68HWB2bsdRiFdX55gSHDG7wWHhy8DhfjQs3iyB,194.0
8DU4GVH57h3Zz3MEY8jmtUU1KZSoTWCswCVh2QH8FeCd,193.0
E2XAHY617UgwwoFgmREydxrT5nm9vLqYB4UicmYT35Wk,193.0
GZUZRLKRz4tMJnq6sgtSioHonhXQKDqdE5BMJKP1mV5z,190.0
9HbAjAMbq4tYPS49tLpLUmueNJwAECnaLr2FrKfTPgic,189.0
5ezsSN6bd3Uec6jrJHSjwycbVyqry19EWQD4r7koAYjt,189.0
CYbnTLahJmkzFrsiDh4ByDFCiPNWGHRBgELYcxybhtKR,188.0
5JQ8Mhdp2wv3HWcfjq9Ts8kwzCAeBADFBDAgBznzRsE4,186.0
SPDR2KhnCQ4sYyCfk6EVq3TQ3C1Pp474KMY9iyUcEqY,185.0
8kv2TbvQqV5JJDeXbAdENF1Q8VeR8VooMcWZcPk9Y9f2,184.0
EXECM4wjzdCnrtQjHx5hy1r5k31tdvWBPYbqsjSoPfAh,183.0
5N73fTqVpSxJaugFUzaPHZNQaxpZi4C3WJcpo5m1ARwb,183.0
4RymuQdkeEpJRTkTazua31wqRK8EdbdxWdM9MsvMSjWt,182.0
ArmN3Av2boBg8pkkeCK9UuCN9zSUVc2UQg1qR2sKwm8d,181.0
c1yG6B2Ch8SWuwKmAToWK8oKiUkPVeVhVLNgAEoSDTs,180.0
2jmux3fWV5zHirkEZCoSMEgTgdYZqkE9Qx2oQnxoHRgA,180.0
HYbriDMYuu6UVQLa7ebWwkK6WsAtWWviF6oEJ4XKF2Kt,178.0
DEbrdGj3HsRsAzx6uH4MKyREKxVAfBydijLUF3ygsFfh,178.0
CRSeeBqjDnm3UPefJ9gxrtngTsnQRhEJiTA345Q83X3v,177.0
vsr2nfGVNHmSY8uxoBGqq8AQbwz3JwaEaHqGbsTPXqQ,176.0
STAKEr4Bh8sbBMoAVmTDBRqouPzgdocVrvtjmhJhd65,176.0
GMatEoD7hEUgPnJqHBZzrAgbUnW9MhPKP1jxWex9goDK,175.0
6a5yq8MBcizhoqEv1GSJzNHfc7XYPNMN3wzrHd9nBEPU,175.0
mrxyzcbo1w1azx3MjKxNkEQEnzZyUvWHHTWaS2j882A,175.0
BcyKwiLC8wdKAi1jRkFe238PC6PukfddKhBCJWRQwmRt,174.0
3cKREQ3Z7ioCQ4oa23uGEuzekhQWPxKiBEZ87WfaAZ5p,173.0
EXxqB6XPLczReFcZyigfbdowB6WGYtnkLYC4XZ2ae9ch,168.0
BXpLxLCwAwqP9d273RH9n7GNzsyafrt5wMp658Qg2hcv,167.0
DrA8T4KRNJnYZhdK9ZQ7GUPdVPWTJf2DR1JDuTsBoDzk,166.0
FR1SDyLUj7PrMbtkUCkDrBymk5eWrRmr3UvWFb5Kjbmd,164.0
GwR3T5wAAWRCCNyjCs2g9aUM7qAtwNBsn2Z515oGTi7i,164.0
8Gc5RgHx5X9gHgZu3yEMY14cUpTiXrnVM81X2tsEwAGG,164.0
zet2kc5vApu8DZMSSFou8KrJR3qrqPahT6vY3jbZGM9,164.0
AXmJ6MUoZT6SSFCfG5gaUoXVd6HQTMDSRHQP48ckorCk,164.0
HAD4YK6z3mFEYaFd82Ln2aVTUp3rt1ifXBHbFLfoot83,164.0
ninaN2tm9vUkxoanvGcNApEeWiidLMM2TdBX8HoJuL4,163.0
Gv3aUgLfDQfV9679QF1rYV15PjvnAaB3DxNTYtgUTk3r,161.0
3vxKRPwUTiEkeUVyoZ9MXFe1V71sRLbLqu1gRYaWmehQ,158.0
D8cLirWsPASNHtG2E5NRiaNvmUN239B2JbnQfuoGpjtF,158.0
HubbLeXBb7qyLHt3x7gvYaRrxQmmgExb7fCJgDqFuB6T,158.0
swap35K5MDdb61JmXi9YcK4pwodD8xiFCbHF4SGRYLQ,156.0
LendY9EXmeiJLHipx1giNrpRVpqo68oWvzTjVYrKxQe,155.0
HUNTopv9dHDdTPPMV1SfKZAxjXtuM4ic2PVEWPbsi9Z2,155.0
HAbiTatJVqoCJd9asyr6RxMEdwtfrQugwp7VAFyKWb1g,154.0
9K8GZVbKSN38GVtQq8L8rE35qJ3wam2CDCu7zmGjF7vk,153.0
GaJ7t7cq1oqVbpE5bBd7ptzuHHyFRjGZmjiZuFojAsgE,152.0
WnFt12ZrnzZrFZkt2xsNsaNWoQribnuQ5B5FrDbwDhD,149.0
DVTouieqqLknDQn2UPE87HvWVizMkVj1Q4rqDgjNFYpK,148.0
6tBPww6mfWdJ4Hs9Y1kVsVDLn1H4GgjBCM8Xu2LMQE9,147.0
G9whLiLT9nSkxwWzWvbiKKrTL6yWxvzh2UXqNht5VXqV,145.0
CSybVZV96FEJMB79pUXF2WdScWbp7TMPFf7acDZ3qmSS,145.0
ENxqZ3fufjqYrTk253UrW8Sy7eHnydmbiXmpNw5Zgd5C,143.0
3A9f7H12zfAU1PvrWWCdYEYiKr49iHkfUFcVTGWtqRE2,143.0
GaToTPwwFwQA1JxiBE3aW6gbLkpZfidpAHxFsXsUdKz,140.0
WAFF1E96YUvxABymZrhqGgDQe2EMUAqeaHTpJD4kmgS,140.0
DHNgWG9EzHGCQjt19Gs8Zsu92y6QaAN3AiFyAGfCGLS,139.0
Gh9ZzGa2Aei4S36ttvg32vwsoMbD6s7hh6aK1q4Tbvmf,139.0
HLgmgZ4rbzAgP3p8Uj8rTa2PZgnZKaxmUVxprwqqUCyN,139.0
oBNKAcrLhfRhYn7QnmjevGAvR7cCs47CAufBSJGhwt3,138.0
vAuLTsyrvSfZRuRB3XgvkPwNGgYSs9YRYymVebLKoxR,138.0
J1gLm74ZFGQghGC5aQxHioUzc2zVMMAqUj4ZTsjGuDTB,136.0
ZEEW4zzN1Len2Rf7aBPWftTBnUFyeGkXcFFydpqtmQm,134.0
STAKEGztX7S1MUHxcQHieZhELCntb9Ys9BgUbeEtMu1,132.0
C3AxbmBMXu9A1h2XvSVRYi2ieFJuyKQWuHdcMVdUAMhE,131.0
2hgy2YfM2TwN8zaXZQrXkCZRRuwmTZgf5nsuZpBn7rtL,126.0
8LjZWUSHiquYqcACybu9pNPRLYVYLSorTUKNe3mw855W,126.0
rwdNPNPS6zNvtF6FMvaxPRjzu2eC51mXaDT9rmWsojp,125.0
PLA1D4ut6un6JgyF3ViKb7swUfCCQP2J8eXAHSYaddd,125.0
bidoyoucCtwvPJwmW4W9ysXWeesgvGxEYxkXmoXTaHy,124.0
TLDHkysf5pCnKsVA4gXpNvmy7psXLPEu4LAdDJthT9S,124.0
AYGdvqsQruZoaJPWsViLqUgtbfXGRnxzgxzW4zmbbckL,123.0
DdVCjv7fsPPm64HnepYy5MBfh2bNfkd84Rawey9rdt5S,123.0
cAQ5uztwVrNw7Us1GbCLmsdSdQtUmwtS23mj9y5hhXy,122.0
V5KsUK1NNpZshF99PQr9QxRCcgAQ3YoWtDiLn9thj7V,122.0
unpXTU2Ndrc7WWNyEhQWe4udTzSibLPi25SXv2xbCHQ,122.0
BoDCAjKTzVkunw5xx5r3EPWqe3uyNABJJjSRCJNoRmZa,122.0
stsJYTwxUiCYVRTf2TA6RhDXFEKYQ1BSVf2BdNhstxC,121.0
SUPER7yfGqh2T2HVDnNid61wivh359CUQGEmFxfSuJh,121.0
7im9orzthW5w58Thf3d7RjhPCPpqGMGhgtZ11tQfgLxp,120.0
HajXYaDXmohtq2ZxZ6QVNEpqNn1T53Zc9FnR1CnaNnUf,119.0
Yt3A8KLfo7JEz8RGHw2zbaQE6MVcf9duKmb24dgXbsD,118.0
dexrBFKXSS5Mge5FN8DRRMfsqigjgj2P9ifm38orQRx,118.0
CCTPmbSD7gX1bxKPAmg77w8oFzNFpaQiQUWD43TKaecd,117.0
GqTPL6qRf5aUuqscLh8Rg2HTxPUXfhhAXDptTLhp1t2J,117.0
PLUSqEwLLUrkrGLJvBjevMQtpomPxcLHPjQQ6ZNvTsL,116.0
4Ji3eRdwjCg2wuuJVbRBvqkPKz2xs4tchxQ4tZNhbUfs,116.0
EVmzrwnAs2Kdj83QUUmSQSUAQdeKig8uTVnkfV8nDhJZ,116.0
3pivseTLN5bfHyLP4uBE17dow56o8E14qwgsHo9cTd9R,116.0
2RbwYVj8gmYf8TRNukd34fGJgT7X4X4K3t6gLGwJkNQD,115.0
GnftV5kLjd67tvHpNGyodwWveEKivz3ZWvvE3Z4xi2iw,114.0
NAVqAmdkVtmy9Te3s9B8tLxtLUFCthybGchYDQdmB6u,114.0
4HtU825zmHKYLw3pyb58ScceqMavwcL9PWwYZu6GFsi4,114.0
VotAjwzAEF9ZLNAYEB1ivXt51911EqYGVu9NeaEKRyy,113.0
4DUapvWZDDCkfWJpdwvX2QjwAE9Yq4wU8792RMMv7Csg,113.0
sssh4zkKhX8jXTNQz1xDHyGpygzgu2UhcRcUvZihBjP,112.0
eStkFg1KsWpNmaeMh4PBDe19vh8iXc2YReXcuSyaVCC,112.0
E9foi2RkCxqr8rifcmiaY8UQWzFVin9ihdYWVJNnNgUK,110.0
CrNcYmnu2nvH5fp4pspk2rLQ9h6N3XrJvZMzEhnpbJux,110.0
TESTWCwvEv2idx6eZVQrFFdvEJqGHfVA1soApk2NFKQ,108.0
mntsCeVAzanrbTT3gZZzkeJMNJjeXAnPqy5AQhBUkVU,108.0
ZEEdBQeHnxok4KVFbJovDjVyZf316UJPprKXYrujZ75,107.0
PMRKTWvK9f1cPkQuXvvyDPmyCSoq8FdedCimXrXJp8M,107.0
27sUnmXPXTSwfGA3opqWeQLAeAXAyWCRRiRc8EzMbShd,107.0
9oBkE2qHEUpX7Wa5rZVzK7utTsd3kdTKFGnRz8WvLZ1h,107.0
BSKTvA6XG9QyqhW5Hgq8pG8pm5NnvuYyc4pYefSzM62X,105.0
HyaB3W9q6XdA5xwpU4XnSZV94htfmbmqJXZcEbRaJutt,104.0
TBondmkCYxaPCKG4CHYfVTcwQ8on31xnJrPzk8F8WsS,104.0
BFEtYvLqoWfj15xwapzoN62xHedP4AS718v36RCj9vKe,104.0
ArbuznWWV58m3NuwbJqSMfwHjTwiAMocD9ZGhCpQtiEc,104.0
oFrmsC5N3q3h96HW4dwn2LVNREaAXbgqkd45wVPAH8Y,103.0
7DkjPwuKxvz6Viiawtbmb4CqnMKP6eGb1WqYas1airUS,103.0
META4s4fSmpkTbZoUsgC1oBnWB31vQcmnN8giPw51Zu,103.0
BaBKspg1ZacAor8SA3QmFRcYSd1zDaaDYKQn7iC8zBbA,102.0
LuLoQt7G3ZN1mCCB2fBcVcxKgBSs5WMXzYgws2qSfWH,102.0
AMDSNDFR3AA1Xcqth5W5UjkpRquNmZ3xskN5SfjScQez,102.0
winkEoE99nkGeCdLqGfLo6rvTt7Y6Kd5QUEJaXsMK3o,102.0
mrkTzoWMVEBJ3AUrgd2eXNLXrnBuhhQRQyxahtaeTie,101.0
7vmDUewC6hY7HujxjBvGkoWoFKya3CXeeNVgRaTHJZx3,100.0
5UFV7PWiuHiwQU6M6fDoPdMYer7ffqCSMD1NX8kMF8Ny,100.0
BrHjjtRYdgRXLJmWjgLa9ZvZX97EV43BssN65Aro7iVH,99.0
EJRSKa4qMfe26r9hUe4vGLkjW2BzezuKEopsCnFA2aaT,98.0
9oi5KPf4Df7dhQ2HhHqf1f7N2eTKjdEqYfF9BaMg4qAa,97.0
pDEX9VxuEnKR9LS3w7QFTrX9L8EpQfftw3y3a8rp59h,97.0
7qoDHPz2f4BLy6ZskaeRAAho3BnxzGXToCPw92mg9cSu,96.0
44vxtqq7hx2UTcogDU4mraoPD2775QMUza4oBg29p9BX,95.0
7ij5Civh9z78HUtA9i8cKGEucZiwk42TotQoL1ngGuwv,95.0
1iq2p3KMKMVe9GgKaZRrtPVxtsHb1yqwXJUcFTUjGUB,95.0
EmiytJ3zWX9koH3emPsWDEs9RqNm6NNFp4CkMLoiA1KC,94.0
MERLuDFBMmsHnsBPZw2sDQZHvXFMwp8EdjudcU2HKky,93.0
Ref47T9HMdxRsTDc6PPJWt8msE9UftrXr7Gfpqijkdg,93.0
StarLA9YsjQc6P21ALscSkXKE7mqUGsjfhCGBwmJPfS,92.0
88888k1fQBXseVYpRYYahctuhn91fn4UkWneo3zNCceg,91.0
Book8kgaqG4UowjwDZXZcTfPyEjmzmU1zst8ZDqTqiDN,91.0
MMA7VebX8Pi5JrrvaTBBm7nW81sfCww7ZtLBBT1YCy8,91.0
DTnfGz9ot46844rsqo5EL5hf2t8P8UAdCFKcDS5jFLPE,91.0
7Ca6e9NwUoCXHKeCtkuMRmyjU4D416YKbTpYAi75gz6,90.0
Stewardf95sJbmtcZsyagb2dg4Mo8eVQho8gpECvLx8,90.0
6DD5uP3zsyGpAb7h5xAEm3gaqVhHFE7knjpd9q2e336k,90.0
8BYmYs3zsBhftNELJdiKsCN2WyCBbrTwXd6WG4AFPr6n,89.0
STAkY8Zx3rfY2MUyTJkdLB5jaM47mnDpKUUWzkj5d3L,89.0
Amoptmj4HoQJxBPAGDmwxZ9M6afgsUQmv1cvU5AGvBru,88.0
SVBzw5fZRY9iNRwy5JczFYni2X9aDqur6HhAP1CXX7T,88.0
4TK3unq6Q4KMcejD2zrwE2wM5QPkgpMYpphqmxsLnJ2J,88.0
DFNDhXHGsTqh5uWBQjLPRyxd7GkbNrUJWnebqCRzWv32,87.0
FJ3pL8tcWYgj4d74jNjzTYt8DfUD9vWFuTeozdLZjYLA,87.0
Zo1ggzTUKMY5bYnDvT5mtVeZxzf2FaLTbKkmvGUhUQk,87.0
CJsLwbP1iu5DuUikHEJnLfANgKy6stB2uFgvBBHoyxwz,87.0
EwVMx5HxGwoJiqy5Rji3Y8C3yx3BRPQC8Z7PfJ6KgiF1,86.0
24Uqj9JCLxUeoC3hGfh5W3s9FM9uCHDS2SG3LYwBpyTi,86.0
AionsRdfUUSTYrcgGK7LpVSd8oSadM3ygazPRJcAYrA,86.0
DgomLMaYWFhZiooP3gQJRUPEmgGaptGcFjU2kxP4yAg7,85.0
GATEp6AEtXtwHABNWHKH9qeh3uJDZtZJ7YBNYzHsX3FS,84.0
4bfEqj4yTS84kYWWn9Uk4EhUM8nMVMcL2RnYUeuhXw9Y,83.0
AKnD97G9JDc334HV3ZoQoj79ogJDVsjaAW5UGPHraSvZ,83.0
8Z8onqmmmcnM3iymSd82SpDnBSTVH6kp6U3rR2hik27V,83.0
9aHEyxgFhfYqFTUhhBYb6VCz1zUS3sgQx45hMeubSoRZ,82.0
GBmUeF3tu8PfHjpddLH3q4LERPz1Ftq7aXZwVWebfJwr,82.0
<nil>,82.0
CMdNBJPS9e9QT5XhTpv2UGmfAjCEV6ygZFrScFUdezGP,81.0
HrFsnaERniFtX3yFyhpirYPAPLaxYhN9aFw9U9TWNyjb,81.0
2Ewuie2KnTvMLwGqKWvEM1S2gUStHzDUfrANdJfu45QJ,81.0
CkFQpHoRsXj2d5hRowq36Wjii86jJ3soBQjFv7P7fAft,81.0
FaDCswY6c3817SGrRTBgWBbYsYep4WFU9vwhjkAfM2kM,80.0
A7Qczm1M4VzEczQUFUBCQ2bjXdnLcwEWZMAXkbfKBNvJ,79.0
EzaHxQR8PksC17piZ6askTGGkuX5gLHMF6AC8JVcnTTW,79.0
MPADHsfcZGTBMdimEQLwiDnz5k3cftA2v4nXmyb681x,79.0
FrenAezyygcqNKaCkYNzBAxTCo717wh1bgnKLqnxP8Cq,78.0
35iLrpYNNR9ygHLcvE1xKFHbHq6paHthrF6wSovdWgGu,78.0
443u3ahcnbSHytVdL3H1vneoBHQ4fmdCS2p5DBihwzaa,78.0
6eqr7wETF1YRsMNQkTqTVrDNFWc4JgBMwWkNAKQprgHZ,78.0
jkehFUg9TED5huJzbFY2nfnfnf4eaFmUTeXqHCmewiG,77.0
1ab9kXPJV5ya3yUwQV7kbM13xo5iXxXRK4pGP4ogirf,77.0
CCTPiPYPc6AsJuwueEnWgSgucamXDZwBd53dQ11YiKX3,76.0
epBuJysRKuFMMWTWoX6ZKPz5WTZWb98mDqn1emVj84n,76.0
2e1wdyNhUvE76y6yUCvah2KaviavMJYKoRun8acMRBZZ,75.0
3zK38YBP6u3BpLUpaa6QhRHh4VXdv3J8cmD24fFpuyqy,75.0
F11YDwLVireDZ7zFgnjo3psyiSCW3oumYsWWaXbqR5bF,75.0
FM4Dkw3zHygG7f4P2MZ4iTJj4ssonSjMSnPs6D4iEPbf,75.0
AGGZ2djPDEvrbgiBTV3P8UoB8Zf1kGawkWd2eu553o44,74.0
AzHKmHjEoZ7JqiTUPgPVAZgtyNLwa3BTsRgffYxCVDDZ,74.0
FVSAde6XisBB6NrGL7SJVvvs4JWCmsNUtQJdiTfo8xeQ,74.0
3osHxrKgWwHXygeDoiMB5j1BB8fwfkDaLzGR5vY4myvP,74.0
FUnGm6stMrfD4kecqgCa6X13Dz5K7dSypcnyqoo3afs2,73.0
H3hjnKPie8uJdxje5JM2y4x8MfrWhXGswjrYHhuLaTLf,72.0
7Q3NVozf84v6qhkDdDSxMmmAx8mroY4Mpkma3nvq4fg2,71.0
DLX6yeEmDftXLmrQ2y25v8gVtSfepECE1q4uas5JXqb4,71.0
SPMBzsVUuoHA4Jm6KunbsotaahvVikZs1JyTW6iJvbn,71.0
7X2fn3aHk2VL94mrv4QACMfH478Heknb551omjqG7Ydp,69.0
rbxKHT1j2EnkfvVgANWFXdcV5Sm8EkdZLLDjJ5R1Lwa,69.0
3BUZXy9mPcsSCoxJQiBu2xxpMP6HEvFMZbaL5CAWwLUf,69.0
ELUiA5b8uN79BJBaYEyzVx36xcCRTZNxn736v5ig9BuF,69.0
8xetCZkhmg6NfWm4fYVwfjoDQFZ7LGi13fzw6xANtawj,68.0
cakeGJxEdGpZ3MJP8sM3QypwzuzZpko1ueonUQgKLPE,68.0
DuALd6fooWzVDkaTsQzDAxPGYCnLrnWamdNNTNxicdX8,68.0
Mub2VYYw35UGddirhc3qi4tPNMRpZabYW8htzWgekpq,68.0
74A7MPJkpAnDcMwyDfNYoZ8JprGS65y4kb1phQdy4nfT,67.0
GRAPdPhft7fjhpobkQ9FkdHhwd15TTgd6rskVM8G135p,66.0
SMPL5bz5ERMdweouWrXtk3jmb6FnjZkWf7pHDsE6Zwz,66.0
stt2KgKH6CJsi4C95dCaeHgvCX2S3gz24pxh3JR42jU,65.0
LEvsHzExEzjpnt1kqjJ6YqP1AFW45t1WxL1CXKmvprj,65.0
8s5DWUMF7chxBJzxxXrFDwg6ajVRFYF3BjuweNzudYK9,64.0
FitAFk15vtx2PBjfr7QTnefaHRx6HwajRiZMt1DdSSKU,64.0
EXpwP3pqPzA4arF8i89w7smtvxHzyYETmCpPspLPrR7J,64.0
AvqeyEDqW9jaBi7yrRA6AxJtLbMzRY9NX75HuPTMoS4i,64.0
MKPzXmkHuFh2JEqkPV3vRvLSxWh79TL1Fw68Sc5RdQg,63.0
39mBcnQ27QA9nNZmM6VrumE2vtqs5v3HD7t7RGv9kXUV,63.0
TSTKEiz9sqJRypokAkRhaW29rnDYDSxqWxmdv9brkp2,63.0
7gQVbrEwiRSkQsbriWb25AVs6tokg5amFChVamQCAsWT,62.0
FBRWDXSLysNbFQk64MQJcpkXP8e4fjezsGabV8jV7d7o,62.0
7wbwJPRs1vZJM8HnKxvMfJiB4yzhdvvhdr4ijQgYoRwh,62.0
winkxupChVqKADNPoMQwbtpits9bsXnHLpNGebZJdpv,62.0
DhWpXfbxKkv2uQvMsJs1qfwVz1BhmH6BfzjSjspqfZc6,62.0
7kmd5Fdfnq1HACg1DCaB8Uc8QwokdZH7XYQGhe2RFQ78,62.0
H5RnrnQFVYiGCsGomawwyZ1gJgmMsSXDYbpidZredcGZ,61.0
BLendhFh4HGnycEDDFhbeFEUYLP4fXB5tTHMoTX8Dch5,61.0
hmmxxNyYodzYLYgSyTnAx5BBS8eTjJTqcTQjfRooFko,61.0
EAA5YxYCFjLo8werxQDJDV6TRjbdXNkq89o5qmsyuBcm,61.0
TFCGs5oBAZmVNTsGWPMquE8uqXUtZt6zRY1LBxQs35G,60.0
bBr6NPrnTLYQQzYP7fCyJq5tmgx23ZwutHE38BFG1JY,59.0
BGhgJ11yuYzU6wY9Wmt76edSPkPogCDQfMQbv6VQqHZq,59.0
9rG2GQy9B7JuyGHsWzgmsePYxN924CcMPqX5j2KWwCXE,59.0
G4GRvHzPJazUXYywVoTx19CDgnhJRpve454frFXZ6ojV,58.0
Dis2TfkFnXFkrtvAktEkw37sdb7qwJgY6H7YZJwk51wK,58.0
pSystkitWgLkzprdAvraP8DSBiXwee715wiSXGJe8yr,57.0
D7scofMhczWugX7WZPXSP3YjjSyDijEULpwQdraVj54q,57.0
7gobfUihgoxA14RUnVaseoah89ggCgYAzgz1JoaPAXam,57.0
MErKy6nZVoVAkryxAejJz2juifQ4ArgLgHmaJCQkU7N,57.0
GGh9XdDhVq5oXDmZTGpw7JHHYhEmws9UHi91DRxrLkJh,56.0
37aAtYopXocCAbB3yQJ5382HGdo39P4ygKQtaRyhnVWG,56.0
C1ty7263XUYkuB4b2bsWAS1oXnTqjvuYVTQbyiuQDd5W,56.0
C1aVxXQjuPpPuTzVxPcGF28eXULLEfaNxKcuDns9JqBe,55.0
3RwiUiCrxqsnbSBkbqAdRCY3n9RdwJHG9MVeSmtG7PSs,55.0
3JmCcXAjmBpFzHHuUpgJFfTQEQnAR7K1erNLtWV1g7d9,55.0
9L7x6Eeh4yjFzFbCzNpZdo7nWaHd17oHoWPdBsT95VwG,55.0
1SoLTvbiicqXZ3MJmnTL2WYXKLYpuxwHpa4yYrVQaMZ,54.0
3pVTpWPZfwi43H74UHHbySTwv7AtLyFy1CVY27Y2gwrm,54.0
22Y43yTVxuUkoRKdm9thyRhQ3SdgQS7c7kB6UNCiaczD,54.0
76NigLJb5MPHMz4UyYHeAKR1v4Ck1SFrAkBjVKmbYJpA,54.0
6gaWw2aeS8osc6kEVYckkgFzsdwfaV8rpiDHvFdaw9oc,53.0
iiXve1vzfub4K6HLvppcmWS5HzafNAFztCoSdSCFvJt,53.0
NH3uX6FtVE2fNREAioP7hm5RaozotZxeL6khU1EHx51,52.0
ComiciXuq6UDg5BWGr9fsuZ4WJFkjJAzqZJm7o7VvGZe,52.0
BuUEWMRYd5vgNjdqccwmVGqaqxYe3ownNcLJ7rU3JgGS,52.0
3gHZaQrR1pDfNHodJydGZ3MCnMVD3BtEd9uNAAnDY2vr,52.0
namesLPneVptA9Z5rqUDD9tMTWEJwofgaYwp8cawRkX,52.0
Gz1KaaSdQRZAW9Sg64EYML4f8jZmbTy3ocwi6XKt4YSA,52.0
B2fHGq6iwRPGmn3KBUFBgQpxVnDGFQT3ZjD2vJTDphZn,52.0
PLockmwUF82vkr8koh8CSbrbjhBuao2TT9N69RmGRQ4,52.0
55ttmJsE9v5PtScfnA2q6S9VXgSPopV6WziiwH94SYws,51.0
7sg4HY7phWephPRSLsWSaGRVeWsRmn4bk3QLUsw22wdy,51.0
TokExjvjJmhKaRBShsBAsbSvEWMA1AgUNK7ps4SAc2p,51.0
5RAwwpsTDuVEHKxz2sAUWiYXUfFgmS7a4RwAue5CZ5dR,51.0
CRQXfRGq3wTkjt7JkqhojPLiKLYLjHPGLebnfiiQB46T,51.0
HhH35wJhRruBKvC7eEsvwPszJPbKbk8m7t7rgHA3smZm,51.0
abfcSQac2vK2Pa6UAJb37DzarVxF15bDTdphJzAqYYp,51.0
Dwj2AqkfkT2UvFCgLVHFqMrMrFrqfRFfQtb5CdSRUvrg,50.0
hexbnKYoA2GercNNhHUCCfrTRWrHjT6ujKPXTa5NPqJ,50.0
GQmCgwtdDS6XMJRv3UytWmkfA3AkjfCqHU92akbyv1Ja,50.0
BMas2pUrC5GR1ZJFbJLy2UmBcEgCfdxB5QLSBrLRnvK4,50.0
BURSTwKFg9wDgEVbrmw3mPCUGMUAFUo5taHBzXM6vp3U,49.0
CrGmBj9LobsbkVHXPguToqmyZoPgAAtf1gbf5795t91W,49.0
KJ1dhHezGHbNnAPucynW88tCXnjk9HYADpVNFK8jVeF,49.0
7KKhTRSfGrsLDEeLUKVfy3aHEV2EapktS8SgLGK1effN,49.0
MrUp3pXRbdB9gzQ3PUpGyn1xdqxKMqFdbeeqX88U1VP,49.0
7EYU6LfdP4izsHqWr9FvyffS23SnNhFNc8ePwnQsXtcr,48.0
stakEUMMv9bRHYX4CyVY48i19ViBdNSzn8Rt1a1Fi6E,48.0
8ZVzTrut4TMXjRod2QRFBqGeyLzfLNnQEj2jw3q1sBqu,48.0
666666MFuRNfAXg6vKGoEEh6jmbDk17anwfSua77eYgc,47.0
FrLmhMwyYQJVivt2EsVZwEEVspxoVhYj22Cxxst4hWVf,47.0
SMPLVC8MxZ5Bf5EfF7PaMiTCxoBAcmkbM2vkrvMK8ho,47.0
C1onEW2kPetmHmwe74YC1ESx3LnFEpVau6g2pg4fHycr,47.0
J3TFL1b64UyB1PorKi2fkj2mMtpEYMzQpQM6rbqQ1gdB,47.0
3D14eXFrgLyvmUpCpty7CvQhRayyKBxshXFXMj5qLjEr,47.0
ARbCUfqDPeasSXWXD7mr7APHibguMg7oFMJUu1RNzprG,47.0
H5C23zMP7SAJ2gELAvTFGnmGiiXt5qZS7ULs1Jhv7Ccr,46.0
CZ4GMcMqvu9B1gTXHNw1vHb1HRBbUhh7AtcwTsm21UdA,46.0
GaugesLJrnVjNNWLReiw3Q7xQhycSBRgeHGTMDUaX231,46.0
EytYck12775gaBWSsL3RQmHGUERTgBRgQHhnBspaJ8Kc,46.0
C5aDJcpAswU8hzBNEwkj8kcxtcWJdBrQpxyFk1gMPg8z,46.0
A9ASQjonahPgDpAkHpgaSGicNZkDiwvhLM3BaaqSzu8Z,46.0
3dcewqBfwVAqjWGiX7ynCH4Sw4RwaQxQHzushnokY1qm,46.0
F1N779UttYHZk79iTGFWoYE4ETNZ9MxeZMrf1EFu9b93,46.0
FQwrjxfcyg4HqkSAG8EggLA1qRTV6itgb7GRRxykQ61Y,46.0
UGSTiQigj2L8iHYWakuwDjPAsSQ6zZEg9AkoLMoQYPZ,46.0
Dcx7D6GXNQ3gbeAb8tVaJcMnbnVSmDuasuntYtSbq5Ze,46.0
AgNtEKRS7EY3HDUH1PoWPHD8FkkAMpWHisCFfmDtobTT,45.0
ADUrw7RXDNsWYWHfvReW96JHfbsdvtEDPUUCyQASREyN,45.0
H6FcsVrrgPPnTP9XicYMvLPVux9HsGSctTAwvaeYfykD,45.0
R2y9ip6mxmWUj4pt54jP2hz2dgvMozy9VTSwMWE7evs,45.0
HWSTVuDSWQpbu8QDYsxEZZ6qMULGQCuB4XCaZgbvZjvU,45.0
exUBshUCZeXaC33BTjqxjHbuQ46Uvf2GEFzZoy3M27S,45.0
3BeQWj7jJwuHCkVHdGmZpVpHg1bDDQBSfcUKMqpWu42e,45.0
mmonA4Pyj799nha19Z3AgcPUdZbPmssKuZwWD9mvuQh,44.0
bFrm2W5wd5PFA7BA7bvjTFPTJeuSaZ5VsnDRNoJtufM,44.0
E2Wc4racSRRp8EBrMH3n1AYSjuFt4JiLdh14J58UiyDu,44.0
PStakuQi71BkHTyPor8EF6ooAvNLpqc4cYGNjGpLrtY,44.0
TRoLL7U1qTaqv2FFQ4jneZx5SetannKmrYCR778AkQZ,44.0
Axz6g5nHgKzm5CbLJcAQauxpdpkL1BafBywSvotyTUSv,44.0
BGUNgoH8gFojYx7gj8evPbW1t6pLMRmdc5KMZM977Eov,44.0
pssZn3LTGJpknPtSDiqLXZq98VwfYVicy6zDfPu82Cs,43.0
JCBK6gywbdyX3NTzs4jz9ovmmt85cLpgn1ipCM4kMpkX,43.0
okx2BS1YJRv5yDMLfL4XGRqn9QpqG4MscPiyo9bsUNd,43.0
57JfdST1qV2upu9fU3E2K2GdQpzJhU36C8n61qnZrGea,43.0
777K1E3DcVCY4QCJWCWtTxkv5EmzpLvyjXSGFkLPCxwP,43.0
Ae6gdhMeEyX3JSHFrJYXTe1xyv4LBoVqSkpwSq9PHbKe,42.0
TT1eRKxi2Rj3oEvsFMe9W5hrcPmpXqKkNj7wC83AhXk,42.0
GwLDA3UbVCPG7sMsLLBXC3vH6frR7U8HgxSmRupKLkdw,42.0
MR2LqxoSbw831bNy68utpu5n4YqBH3AzDmddkgk9LQv,42.0
Af1vouWJrcQdQfy7bEM7YQsGKyHSt9nt9Fh43rn4oUwY,41.0
indiXdKbsC4QSLQQnn6ngZvkqfywn6KgEeQbkGSpk1V,41.0
FarmuwXPWXvefWUeqFAa5w6rifLkq5X6E8bimYvrhCB1,41.0
657iw8S9b4BG5Vno91DgJk4bqoH3kzPRopngPG8uxWxg,41.0
3R5fhvdQ4btQsfkt4ktwDpcj5Tqw89sLCWxcerQZ7zwX,41.0
Ax16NKWWEHByDAVYH2ngVESawx4EiincXv5wX2beSP5Q,41.0
sb1dXHpc8itGtDJju3EYprHVERDRJ7EVrTSUThywyRe,41.0
PapeRukGwkhaMRQcoZFPAdykRNaWPb7VsExKGqRCpfv,41.0
4nFsEC3VPbU13QpNCqbkQVbPm8HHZp1njqnL5YDruuAn,41.0
SLCsmZUBSBY2WtUa2jwarW3pTXyEQT3u2QLeiYm6E2E,41.0
swapNyd8XiQwJ6ianp9snpu4brUqFxadzvHebnAXjJZ,41.0
AX1qheGkSFj9aboYpki3rbviREfcb3PS6VAk4VPG31wF,41.0
AMsgYtqR3EXKfsz6Rj2cKnrYGwooaSk7BQGeyVBB5yjS,41.0
8NvmvWEAw89HnE8Gjo4kHhbHy2PGyeuU9y9QJ1HKiLoR,41.0
xnft5aaToUM4UFETUQfj7NUDUBdvYHTVhNFThEYTm55,40.0
7HPepAUhbQBPz9TTftemq9mtyHy4CRZJ8NM8aXka4Lic,40.0
Koyjc1kFzDUXeTb42mmrqwN5XtUiRZACCntVgLRQZhB,40.0
amst5ffDyvGvwSCFKQ2D97gdwZi11HT9ZmuMCh9eozC,40.0
9pC3DrXMGUoKaYF55Mo36Q6Z1Ue4Kjseitx1Uh4AbG8x,39.0
1cfQTpgxNzKCvhFXqWRP2TJGP8BeGcStJY2aazSq7mk,39.0
eBay7KHGzjgy66Zhb8CFCcJtkDfymtcptF5LiD2dESZ,39.0
f37PsdsiyhLuDLUc2HpSEFJCdav1n5ibzKe92HDFmiP,39.0
E77ZPukxuvyZ7WWd2p8Wsfj7mUYzs9Cdim85wnWayKRX,39.0
GLoB4ZdemYP4msGvQq8NwYDmwdUyNtZ8GPjgMhR1fhBK,38.0
BanxBXWfsNL1Fg2dwJV6ZJ5qBieYn9pHqb5PAVrwPigN,38.0
TWAPrdhADy2aTKN5iFZtNnkQYXERD9NvKjPFVPMSCNN,38.0
E4JCdJ7fu5bJmis4nsN8x1oSGDNeUE168c3NFGk4yvTp,38.0
swapFpHZwjELNnjvThjajtiVmkz3yPQEHjLtka2fwHW,38.0
JApYhG3KmDPxAp41keFNKX1ZgKsmDRh24AwZKXNU5ybL,37.0
GzYM1c4nRV1j3ZYV73RmmhKhckdmZqjNUfKt7aBBChJB,37.0
pv1ttom8tbyh83C1AVh6QH2naGRdVQUVt3HY1Yst5sv,37.0
8wGZybhUtyAXrNedH9NXr12KvEnZf7ye3AB6UXRBi2zz,36.0
SBFtapMg4saxt2JwhRXyjRB4paJksn2m7uwC291gXkF,36.0
CNcfNxpY9nCjMMDzbfg18azfs6aoEepiwsPhoewiFs3x,36.0
FC81tbGt6JWRXidaWYFXxGnTk4VgobhJHATvTRVMqgWj,36.0
CFPdcKNf4bP74gXAtUooGDHbGiMCJqq19z2FVDeVJ549,36.0
5LPsToGvb8uD7MYLw7YNpUhszNuDPNQ3nmFGhWsxHATv,36.0
neer8g6yJq2mQM6KbnViEDAD4gr3gRZyMMf4F2p3MEh,36.0
rwdD3F6CgoCAoVaxcitXAeWRjQdiGc5AVABKCpQSMfd,36.0
8Hka1oR6uoNLqjpYXXDKpF6NwiYidD6L3ncQdfu11aWw,36.0
FcktdzcV6bm6pa8cX3co7hkok9XfzmyCcZ7WVarcqHTa,35.0
CNfGtoSUKHeansFon2hRZZk4xrwxYpoHh7awRyeF3pRP,35.0
zFLEX6CVSPJgCwnYPYWSJFzYAC3RbP7vSoc75R88P6C,35.0
TRDwq3BN4mP3m9KsuNUWSN6QDff93VKGSwE95Jbr9Ss,35.0
EbEPRUP1rWSxwAok2gijUojk3Nz9i3Zgm444A4JsoeXe,35.0
airAGpcuhdRWpR9mqtBhmHk1bxsshEgG8ACC7nN5BY8,35.0
9DJuDApinVT5GdhBGzZxqnzVyc1uHW4kussocZVZ8Wr8,34.0
bankHHdqMuaaST4qQk6mkzxGeKPHWmqdgor6Gs8r88m,34.0
5ArrApWXsbmmuZfRbGVkrLdWjwio8hdaUrVf4hyH2NZW,34.0
4YoU2A9xu1XoBfihmPddmogUTYqz9ayzeG4Cmb5tQfcv,34.0
Cook7kyoaKaiG57VBDUjE2KuPXrWdLEu7d3FdDgsijHU,34.0
FD1amxhTsDpwzoVX41dxp2ygAESURV2zdUACzxM1Dfw9,34.0
treaf4wWBBty3fHdyBpo35Mz84M8k3heKXmjmi9vFt5,34.0
DwRjrPEUUtBQ2PZKxDX6E9NfJeXBGTNykyBTam7ARswH,34.0
8zo1tWjzNxaMkX6AJfeN7JiYFX8H8YYkBndKPVRAsC9o,34.0
7sDX4xdZmckRzXMuFAiEVwimH6zph43edCBiHkVa4DeV,33.0
Di9ZVJeJrRZdQEWzAFYmfjukjR5dUQb7KMaDmv34rNJg,33.0
CSUb1Cf6rc3EgrzWueZZw8MhbNKXNQnss5aQvWMuMcTV,33.0
8PVQrkUjP2qaqBUr2zt6LFPCRkBNTxcKNCLmKfzGt7xM,33.0
StaKe9nb7aUjXpjpZ45o6uJBsZxj2BWCDBtjk8LCg2v,33.0
refeRMf4PLFXAFnUzR5MGB84Fr7vmJ3yHsAb2d18FEB,33.0
6Pf6bCr94Y8UFwDWneMbyWNUDtv9LRowVwGR9DzKUACD,33.0
Exz7z8HpBjS7trD6ZbdWABdQyhK5ZvGkuV4UYoUiSTQQ,33.0
C9u2XCz2rNJGpUnNhSeNPxCB5m5WWTzDfxFaAkdczpvf,33.0
DF1ow1bqef673cziBbmHDcJ9mfy3oy9KqxEc6kCTHocs,33.0
AFMLFi8Mh1yehDsE1gTQs5xcJcMN39cvzSorpU152HaE,33.0
Gc9KmzFXVS5hJbVctyQas9PZ8qyoGgBik3J6DBy9253Q,32.0
CVLsuSurmZwiXvndBHQvbDacQqtrwy9LgQ3Eq8ATP1yd,32.0
6dcnDikYLGizbbtjXt1g3UtEJ83NZShBxBZ4e7GFcppY,32.0
CRDekeFLD2gWmEVdHiwLRfYwmCgMWpPKFCBTzx2GSpv1,32.0
2WJi4LWK47iukCDz4ecZ54ne5RaMnaj6BX3WewGLjBgJ,32.0
BoTvvfPCgYn2wMQnDcfy7pN5jR2ZnUPb9pvM4Cty4RR,32.0
8xVnTNsQN249Nte1CtmzBEYv7K9WXEWNKtBtEXA3Lt8p,32.0
8n3FHwYxFgQCQc2FNFkwDUf9mcqupxXcCvgfHbApMLv3,32.0
AqadDfzHM9XH6WJcrpx63nXyy1nFL3d3fQPZRpP1Hp4F,32.0
Hrnpq7x9jmGzbTAqgmfgnZX7HsAbfN62sNwpQmQj1n2d,31.0
suMmgdsFnvM9pFBLiSQwAzgMKBqUtEMgsYvoe51eJ3N,31.0
BGm96W3adqiQvH152ayuudzUEvaoMWJfqWy2QqdKvzd8,31.0
stk17KkSJ7amyTVpGBHgo3Kcz52GjkzKYXuDwsFSk95,31.0
Mai1UbiFBUvDnE2DDRxp765sRtX792zw24cgSpcgrz1,31.0
8AmNPMpaE46ea57jrmjM19PzYz5cHq6ht4i5W1LtVj6p,31.0
24pryhq1jcMVdyuUqWsWWpsPLMAYS5LvDgUHXsMrZT5x,31.0
B2VDAQDstNGZLsQf1hKozzGKtp4DgBhR5r9XHdqn8mDS,31.0
9KEPoZmtHUrBbhWN1v1KWLMkkvwY6WLtAVUCPRtRjP4z,31.0
JARFUiy3HKd7Qp1pNK2FQMWxudWzhW837DpvAHihcUBm,31.0
C45FXtNKrLn5UiTaRnpzKTRUbQR1AwbXBSRbjfw8S3SN,31.0
Crow6rDB5ZhGGqV2uXAG6Ta7aLvyw22vRNAcxd7mu2sv,30.0
833pSHchW8AWggrvx8394HHkH1cMHxdyYcDro8ABYUXC,30.0
xAChdqv7tCSiU2gPTo41o9n3hnDLwtqhbK4zFTqJtE6,30.0
BbWi5gvpp94c7hDfcwqUg1QSnjKSXXhiXKkUUrKsEqYy,29.0
6y9Y19eBKyovffBNE9N4hpL7xQ5Yaa2KWo98aQ7Mcs1A,29.0
9ejfcqQpWYQqXMiPeZVHhhbNu3qufuLWzGzVEBQYBEgS,29.0
4edLhT4MAausnqaxvB4ezcVG1adFnGw1QUMTvDMp4JVY,29.0
7WUKntragGhmc2gGt7q6pAhg4txu9vLmfMi28fAcnUf9,29.0
46YmuyR1ASodwCjr2H6MY3vGC1PPpgT6J3nuRNvzZhs2,28.0
8g5nD1q3edDCkUMr9bCspbas7BhHGiKWpp4srguRT3AR,28.0
GovMaiHfpVPw8BAM1mbdzgmSZYDw2tdP32J2fapoQoYs,28.0
3ttPX3DrJfdxxXbFXBaBaiVM9KAo3nFx2HU84AreCtBj,28.0
JrPRSrAwHWNjPpVRVzsBPtwRUUyFaH2aRSu8ECLafS9,28.0
F2E8TFtGpjhcY4pE6TDvhj5o2gXB5mrsCSQvUeRVZT68,28.0
Point2iBvz7j5TMVef8nEgpmz4pDr7tU7v3RjAfkQbM,28.0
qntmGodpGkrM42mN68VCZHXnKqDCT8rdY23wFcXCLPd,28.0
StRTvaEoFCjz8E7cWd3KQyHxMgxe8NCZiKrGHcMJm3i,27.0
ARTd5DHnxAkAa2WKR4Z9ykR556maDz6ZCC9bbG4sFzcE,27.0
raffyhEJMx59iDx778Y9gdaVcP2XDeusPcPBxwr3qAH,27.0
jtogvBNH3WBSWDYD5FJfQP2ZxNTuf82zL8GkEhPeaJx,27.0
hoo3Cf2mzRZVM5QcuvfDZf4ykzNbK4ywvpUbQpDX38d,27.0
BRwUybBWZJEin7HVeWBC7AueG1McDeY6v4esBwgryzKe,27.0
GnukyHhbXhqeswaZbzDiTLZeMSHMuWNTNxw4buhS6zpg,27.0
GsGMPaM1zW1hgY66DCGmhb6z84k3GyDknopcBeMX7hCT,27.0
pFACSRuobDmvfMKq1bAzwj27t6d2GJhSCHb1VcfnRmq,27.0
1ocK1QCximVvrr97wiYtPfJ6iX26WDm7k9PWLVRZz77,27.0
DFBkuJQeSCjwz6gfw3i7bwyi9yQYRR3rwTaP6X9GZ9tW,27.0
B6VowVZL3z5YG9XEwb5JtzqpP7N4qchmXrJamGiCqpgm,27.0
3s4zaydvjBQE7nE4nKDuDjmyjZ8DkenU7ctbq2oJj6Wc,27.0
AZwtbq1xmgAgTJc9gyPRsFYkCnmfo4gmK4RGpgLfeujq,27.0
A1rf29i5GMAG8Teoc2QdRgHZQiQ37KYFCxN5LJkzjkz4,27.0
FACTNmq2FhA2QNTnGM2aWJH3i7zT3cND5CgvjYTjyVYe,27.0
KJ6b6PswEZeNSwEh1po51wxnbX1C3FPhQPhg8eD2Y6E,27.0
J1gmrCGd1zkmjYpsCRkFCsQQEZohRQLVXN4dVxKvDu1e,26.0
PSwapMdSai8tjrEXcxFeQth87xC4rRsa4VA5mhGhXkP,26.0
EXajbHgem46BYS58kzPJedQ8W5XuBB8MMRjxTGSTio4a,26.0
Gyb6RKsLsZa1UCJkCmKYHtEJQF15wF6ZeEqMUSCneh9d,26.0
FrogQCSFx5scEGmHqnBfn5YSpu2zXsqjah5NwqC9XLKv,26.0
6UQLqKYWqErHqdsX6WtANQsMmvfKtWNuSSRj6ybg5in3,26.0
SpLtZVpdaznrnGNZX9hprMLyEKZED72UuBGbJj1zgRf,26.0
BekWABn6kZisSLRpqUAcrfxD1w9hpiDFGUvf7mL96Mdi,26.0
4D119wzxMd8tCzN1kZ9atxkmjiAQvqVw4N9aLtkSrSej,26.0
APygy51vntbQQsYmgkF1CeMsAn5Tv1rsVUB6nee3wJpY,26.0
aucwFHspXAnpzCcgCDnepFisGixxxEhW4rkBVizjXcg,26.0
ASV4VjkLoqaEzUvFS6uViAkq7Kq7jA72SNmheEMt9B3w,25.0
5vBpQGxxnzjhv3FNFVpVmGWsUhhNFu4xTbyGs3W2Sbbx,25.0
GTavkffQHnDKDH36YNFpk7uxwHNseTRo24tV4HGC8MNY,25.0
exofLDXJoFji4Qyf9jSAH59J4pp82UT5pmGgR6iT24Z,25.0
H2BLaTTBysGKWnidkNbCmNF8gePAyLS9YsHPfrbe74wT,25.0
GkYcyvjgjf2j3UVukUsjbc37i88FNyNrDqeyBXDDikr1,25.0
AFjPkEKJPQLayM7wimd4bghPNy5HtnTPFEJ5zx5Lmm4h,25.0
BVnzH7F4nHYXGnV9ADWYbfyNinr8zCFyT93SeZrqdnSb,25.0
GrAkKfEpTKQuVHG2Y97Y2FF4i7y7Q5AHLK94JBy7Y5yv,25.0
CcLfuVMgNPbMiyLUJ4FBBrXc53rie3wy59MnVAkJrN8j,24.0
7y5FFmNTAqVmyRqS1rEThotJjk8Y1TpUY1CLyd1DNrUZ,24.0
fLufkZLHGvi7k3ZyQTUbVPDKou2wNYYeaxHxYmm4qe1,24.0
CrX7kMhLC3cSsXJdT7JDgqrRVWGnUpX3gfEfxxU2NVLi,24.0
J3vyuRgJLQ2EiYKL99GkqVGKXrorsNyssWjkYvZStwax,24.0
6486Acw9JAxW9kx4yw8G2EjJ7Nhe2T4PsMJbZSqm1NQJ,24.0
MeekUpPZ8LxopD7aj4rQNVtZCYePV9XyozzEfHxuUSd,24.0
GZCipu6DQWQ1LTXuDg5yrvToz2LnUNxJzbVwy6x4sHC8,24.0
5x1ZUJiA2YwEEVavMAu6cafxH4LsxP3ceKG6Ccg98WWQ,24.0
HgunVo7FkZcUYBC77dRpVgy5Zq24KUbwLHD2kRiNWvLH,23.0
DoNYLQLL89mMotZNghrHsAYsuBmo3BwtzGXuiH1gKbzY,23.0
swap1oQtDikLArVfwpJaBCjgdNooG6i8Mfx96aXLthh,23.0
4hfUykhqmD7ZRvNh1HuzVKEY7ToENixtdUKZspNDCrEM,23.0
QMMD16kjauP5knBwxNUJRZ1Z5o3deBuFrqVjBVmmqto,23.0
7kKP8XurGmX1QjMaEbPW6jwzLWrGJcXZ6XWDVHdpi9j4,23.0
5GxHfTey68BkbQi7gTLahT5rdX6BWiHarRAdy8mwyKmk,23.0
2uGHnRkDsupNnicE3btnqJbpus7DWKuniZcRmKAzHFv5,23.0
98L1h8N3DB33UKRA79EiX7hq7wtrCqma2Y8rRTKLHYkN,23.0
EHBN9YKtMmrZhj8JZqyBQRGqyyeHw5xUB1Q5eAHszuMt,23.0
GgathUhdrCWRHowoRKACjgWhYHfxCEdBi5ViqYN6HVxk,23.0
EU5zoiRSvPE5k1Fy49UJZvPMBKxzatdBGFJ11XPFD42Z,23.0
DSwpgjMvXhtGn6BsbqmacdBZyfLj6jSWf3HJpdJtmg6N,23.0
4yx1NJ4Vqf2zT1oVLk4SySBhhDJXmXFt88ncm4gPxtL7,23.0
SodiCdqvrR6pRPvqUxxeh1qXW6rUXFpwgLbaSECffxx,22.0
8981bZYszfz1FrFVx7gcUm61RfawMoAHnURuERRJKdkq,22.0
HZaWndaNWHFDd9Dhk5pqUUtsmoBCqzb1MLu3NAh1VX6B,22.0
AkGtCZRSs5LHWsc7iU46YkzDv8y4SWtuohQh9j7a7cGC,22.0
powCFRgLT5dRUdMXm4cBoajxM3S9gAcc54uvPrEwTcs,22.0
WRA1TH58wsHCYdVH2uuvWgaY3ug7xmsGFLQYuPqq7zQ,22.0
4DaRKfNcGXcnfdUNRkPsFWCEY7EgDf4E15JSNYV4WzSL,22.0
nosRB8DUV67oLNrL45bo2pFLrmsWPiewe2Lk2DRNYCp,22.0
MAUsg1KhgYQV2Kxr9ccAkv7bUod88Qi3AKe5nUN41oe,22.0
5oRwqr4oD79dWahgCYLqp4Aoc9iv4HsAqYzd3QSpUrMu,22.0
scpStzYvKzE7DHwsGMP5XLhcMTuLr3feoiC9mJ3yHr5,22.0
Gs5dR4u2WBMGLr9eJA4vfzu75dZL6ki9HhJtmPyCsPDp,22.0
FyLVkGSP7J4tdTsimGZXLYo8sLiDb2Ms684NViCPMGnQ,21.0
5MLSiu1yAWEHoxMJeSrUBWaEKRjkH2RaMjAvzqzjVziW,21.0
SC43LSgt1FfBmRW3tjnByt78ZrwhMiEMztegxEDdQaq,21.0
proxLVSjzcEWgRTK7WwbRZFnkhbUNHG5dwNMvY2a9JK,21.0
6bruHNoHzwaidybdS5pAN7MkcQGAazgfbS1e8zko8QfE,21.0
6L5WY6QwfemWUfTFtRhAHwg5SPUVDo63sGgqgS41rWAr,21.0
7CUUpuihmEabmhr6VC5zcYki7N1qhyurcSrGcsomWjQe,21.0
7vgwNcQ22JTdrz7yokUgtXMihaSANQRZBnrqiCNitSKp,21.0
9HzJyW1qZsEiSfMUf6L2jo3CcTKAyBmSyKdwQeYisHrC,21.0
SANDsy8SBzwUE8Zio2mrYZYqL52Phr2WQb9DDKuXMVK,21.0
6AzuBKDsR88vinh399HV5v7fgB1eZyoYwQ3PmdYqFRZG,21.0
AwQrxvuJqGNME6EDk66GcHQkKLjXPkbcRo3179ZDgEQA,21.0
uwuTfDsBiFToS4R9UkQpV9A4itxBQQcei6652WCt4TB,21.0
AGi7p8RritzUDX4sCYVfxApCH4By8FEpSV4ffL7bZ8Kp,21.0
E2PSH444f3ScPpuNChXYLrv7KfcWWNdJvQKwfkaw3wM,20.0
6UGs1n5peX4pYhwRofoDvtVaz8sToP8kByU24576wQt4,20.0
78deTr7qycJ6498vSd3pNMhdCKKWxMipniitVHQcM8RM,20.0
EnUpcqfqHozLZdojn2595cLSZkUqgPCDujSonJvP27HP,20.0
kLifYZGLkBFrwSG6prUXiU6DVNpVuAzfVGbsvw97zq9,20.0
7n4ZKkte28wrWxWWAUJJPzY3PWAbCeUFKJWXE1sZhXra,20.0
2JbDGk9bud6qtkm4PbE7U9SBW5AJTJbb81JDE3vpAMcg,20.0
VESTZzwXWQ4MSjUZSUEg1Kb7rxsrYjHCrenA6pHpGxL,20.0
nftD3vbNkNqfj2Sd3HZwbpw4BxxKWr4AjGb9X38JeZk,20.0
6wK9P2NHYSUyiPgRQ14jmASbLqaUe164HeSHMvRa8Vj8,20.0
NExsDgP1otSvvHjtYhJ4YFRZWnRBEzPRhC8C1a3n5mM,20.0
4Q6WW2ouZ6V3iaNm56MTd5n2tnTm4C5fiH8miFHnAFHo,20.0
7ru8PgRsBjpJ3Zsmct3QZRXH5qGeiqRsu1jwjNZBBMc1,20.0
BvfuD46pWyQxjxUQiSCsD53zdmGwGfkM87D1zoPtfFmQ,20.0
VGAurSiJ7bjAHSEa5sdiK1XDYqgw8q6GrBYyrUjoCY2,19.0
srmv4uTCPF81hWDaPyEN2mLZ8XbvzuEM6LsAxR8NpjU,19.0
FFAUags5SYJEioBUkPtKuArccNzcNgUubhssCH2jSbeH,19.0
BsMgpshVz24xdcSggCA9Z9vK3h3N6noNhts6iNRY4o3e,19.0
FoQmgELX7TbWBkVUsDkQW8LQ8V298dcMewd1pErZehzz,19.0
HMpEqW77cgeRuH6unUGBfP6RyoeiLgbYeHCAtqa3ksjA,19.0
2sjQNmUfkV6yKKi4dPR8gWRgtyma5aiymE3aXL2RAZww,19.0
GameEs6zXFFGhE5zCdx2sqeRZkL7uYzPsZuSVn1fdxHF,19.0
PLSeoaC7uLWpkbFjUMvF2Er4RXQThdA6T7S9ZY6BqiT,19.0
8ysZXTbr6jBZnKV8Jt1AhekYLEUZ3CyaBVeth1Xd1eL5,19.0
75iRz4uyZbr3Xi9oQys9gk5LxWsbmWqcfXuRsVQbzAM6,19.0
CRhtqXk98ATqo1R8gLg7qcpEMuvoPzqD5GNicPPqLMD,19.0
GSHgwyHfBWQNPY8w4NgALqPrXbbAntgTKQLdjVrXYK5E,19.0
ERYsjPr4B8copy2FKBAF5quzFoHttupMbbaU8wWYsYNm,19.0
5Jzoz4wHpinu3HKRx8k8Bw1nDpZnuFvi6FJzXuTdjWcP,18.0
Crt7UoUR6QgrFrN7j8rmSQpUTNWNSitSwWvsWGf1qZ5t,18.0
ANCGaybH6YHiPucHJ3i2xN3FznAHDxHcZuY6YEkoTsE2,18.0
Seer4Q4XKPcPHTDqtaHmQNLvNQYk2vLLLAa9ZmxUX8T,18.0
3BJdzqUKD2bTTxDP7x7odQ2u4SBiHu3VncZQwmvHre34,18.0
9YthhmfnP2CYahYNrQGHoJg6wtatTtKee7cMeWd7z6gk,18.0
7QhquPrKnco5srDqaqTZf5VhrMCPYCrzoZrQU7BTzQLA,18.0
4aZDH6X6cwuU8tw6Y9wRLYiRUHXSvb6JhQBBTbtWJBEX,18.0
CW4T5cpmEWhXBNpByuTFvzmckH2UKNahFWHcE2h4r4D4,18.0
48UWkqXepfK8yqFJfTBebaLXjedUUFqvgRA1Y5NNxfch,18.0
EMK3JL1yZdNJUq5h2m4qLuQWibLSQGrAJqUpWFoDH22b,18.0
5VK9fNAp1tL3q5NYs6FVwPDjFwh76nbAMH6XAR4s8Ffj,18.0
ADsjv1Z5C3cNc7XbhvvXnMJMNMyJ2VMo1ejpq9Tf7nRA,18.0
STKRWxT4irmTthSJydggspWmkc3ovYHx62DHLPVv1f1,18.0
JCh97K3771YirPchYSGZh4MSs451pTUNoG6YdZGyrSvC,18.0
85iDfUvr3HJyLM2zcq5BXSiDvUWfw6cSE1FfNBo8Ap29,18.0
2QKKmkEbkC1rakibHw1A6oRGWabw22W7jr143oVBti78,18.0
PrTsQ9hjDxLmXdArAV1z4jUfuUFm7cScrwSgvtYfNiS,18.0
LimergyjvN1iKf5x9HY2vrJn22RYHqDUyLxDVw15gNL,18.0
JUicemrQ1X9XizUh1Pcn1SMJoArP8udtEqG5vZiWvkz,18.0
ALTNSZ46uaAUU7XUV6awvdorLGqAsPwa9shm7h4uP2FK,18.0
autoQP9RmUNkzzKRXsMkWicDVZ3h29vvyMDcAYjCxxg,17.0
BBuNf5GqeDJVZDBZ9YRkFWweNwnR82yG7nm2HUQuXaRX,17.0
pLigmFBt3J3gLeZv1tehqZ3RhWcMmTkGart6oN9tqkX,17.0
printvMS8ifuKbNugQwF4tf7DTXc5f3eKrTqWxgT8Vq,17.0
BETDEXy378oRtSucuRL3chWcYF7v5U45mutWUyXK2hLG,17.0
EP5kDj7v4k2ck8AAg8Ps854fy6LPAE6AAd4rUSRf1STK,17.0
2o22Pp4LusBJDaQWLCE2rkSV28RmCqan1v355befK8Ye,17.0
REVxSAMAkAJYQGYMG3X32car2kDjRtZpdbeQLqibKCo,17.0
ATV2GHq2eCaHVbTrbMCP8MWATWnH8BzmsNMq5rXZ9DNC,17.0
2vumtPDSVo3UKqYYxMVbDaQz1K4foQf6A31KiUaii1M7,17.0
bnhCMgYLyFm4r7iMKa175NP198EBjSjoupoRRziJzwa,17.0
9N34KcQXfKjCQcyAXkuCoGgixfi1dj53LtsfFrcBdjNh,17.0
WAFFcc6NZowztN8mFeEdct8sSNr8CVAf9gqmBMcr8S2,16.0
BBbD1WSjbHKfyE3TSFWF6vx1JV51c8msKSQy4ess6pXp,16.0
AAD24i9vjjW2RdrZvDpJptCfwfSPUQJtnKJ3kjjF8Kc8,16.0
J1HDuTjmb4S3X3uapPT68vWY8FzJhzCMNERKajs6GNNi,16.0
GKh7n1S96Kj3jadaqtALZu8i3oMnKkLHDXXKU6fweWX2,16.0
5u8mLVnUSQNSbKdZPNGTfWHGwV5uJh9by5Fa6jb6BP6h,16.0
CctpV8uRiXws7KZxpUXfPWy9BhCiWaeBRzsJgELvQKvu,16.0
AuCxh6EdFgMCNcWnc2tMrdfDrvDq5Z1E3bM5xDMwGU6N,16.0
HAnGbXzF7p21AHBAhYWGJauYuxZtPpwKXTEx54GzQqwB,16.0
BPFLoader2111111111111111111111111111111111,16.0
stkBL96RZkjY5ine4TvPihGqW8UHJfch2cokjAPzV8i,16.0
5JfE7WqvDy2EZELuQ4R1m5NKDRoDmksqEunixVXgFUQQ,16.0
7uRz7J33p4zCu2iySsKMnmERwUQstpX4uN3uJypvD7w6,16.0
5jbj67vN9obgTPa4oGJ28pZGnCM8VHutmdH8S7yxho1V,15.0
2YRmpDfPE619v42fgKwA7hSrcoUavNwcMfbcCToVj2qL,15.0
CiDt2Q2aMFnGh41cBT7UbgpMiB32EoWNZPf2rCDyrhLN,15.0
D4xkryaAUVDDh9wArd1ro2sgCXwjGPXpXfPwQFN56H2i,15.0
GBJPxnGt9xAT49ZhnDtSG2XYVbBSnkXSKGf59eEMeKLA,15.0
ABfZFVQLypsyu4Pc8H5v62PKMdPiEDuXLkWN523VSV9v,15.0
EH6tDnBbHQqXd3tviDC2Ne3A33Rf8KuXAonv5FhYedQ9,15.0
CLM1Aeb9GnKiE5aE44NfoeoVptiXj87DQJohVddmSpCG,15.0
GfwYPWh7t232vLn3qxFkyGjS5iJunp15sH2Xi9xqpaqR,15.0
EfuseVF62VgpYmXroXkNww8qKCQudeHAEzczSAC7Xsir,15.0
chv2ogo3QopnnGctZM9Hxo2VCQ2zEcvQy6Uo6XVpiRH,15.0
7AYNgwtsdw49cLRyDjqzGdPPV1Jj3SvV3L5uRSXfsai1,15.0
BNH1dUp3ExFbgo3YctSqQbJXRFn3ffkwbcmSas8azfaW,15.0
9naewAeUVLLYZGPfRq5C2S8cPsWxqfKqSd8Ja2XtBEZF,15.0
jcamzkfhgokLg2oCRKH6mckg47t37ckHLyRMHN2si8s,15.0
p1ay5K7mcAZUkzR1ArMLCCQ6C58ULUt7SUi7puGEWc1,15.0
A66HabVL3DzNzeJgcHYtRRNW1ZRMKwBfrdSR4kLsZ9DJ,15.0
pgk8okxXgZTH5QxFX18aqRdCXagw3Qv2JYDVyBMNPvq,15.0
ESiPpa25Mx76BWwtmCyzxqDjHHiFj5zNczjfv4KLd2XS,15.0
Guardk8RV7QPEaff8kqzMBRnFLzh1R6D4WXSeRzZY2yo,15.0
CChTq6PthWU82YZkbveA3WDf7s97BWhBK4Vx9bmsT743,15.0
GREEDCmnA1NsDV1WWD5jFp8iqicYgd4jAquEzyS9sYmK,15.0
7rC6jPZVrN6cMRdTZ6mWfYm1fL722jnzZQ3rGQGKBSon,15.0
BczrdLwdqSV5qQb75zvkM4LSdUyPRwfpuYiJNiDgoSRS,15.0
CrDSedSK7sopVYFJECBW2Cd3VSLVveU2Qz11jMmNuPBQ,14.0
mv3ekLzLbnVPNxjSKvqBpU3ZeZXPQdEC3bp5MDEBG68,14.0
EbdLw9WfS9HkvoMmDZcehcN2RWjYB5tqk2BsDVw8jxwe,14.0
p1exdMJcjVao65QdewkaZRUnU6VPSXhus9n2GzWfh98,14.0
33J2bC6ZYvg8Y77MWULZEWpWRkxCoM2aziZ5f67dwBXi,14.0
H3tzuPeKMHd1Wee4JyuYbwKX6pHTcKGDgPw8caVNTvQu,14.0
NttBm3HouTCFnUBz32fEs5joQFRjFoJPA8AyhtgjFrw,14.0
hgopH9G1FRn37oqjJJ83o9RDpUCcQXL9ZDcAZ5Pg7xB,14.0
A7B5huUgAJmn5Ud1GK1ALVx4GqGiThvm9mupvKvEu9J7,14.0
qaTK5FkEWzM67fD3yzTidVD4YtsULB56pFJT5KnNwWn,14.0
84Ue9gKQUsStFJQCNQpsqvbceo7fKYSSCCMXxMZ5PkiW,14.0
tech8jfheuGGaGNyJSEjpGTMed61Z3g549iyEYNJFmc,14.0
DE2wHq3Ti5u98MrWtvFbQfygaiUWvH5hqEWhVPAuPiji,14.0
C7RPUrYfjXmpdi8thuD3rBUAQRgUBkPRNKo1oNfCZ3GW,14.0
9jFfc1hUhszYVtGN1nJY4jGbiiEZVhVNEhd5nvqe9y67,14.0
FiE7jBM4JhEsLthq8vZMK4VC7pdF9YUxsH2M5oW2ymko,14.0
Pipe6YuqZmoHeKTpwETFaZEiALNREGfZqCjMbk9P4UG,14.0
DEPcG84tYe43keDrYCev1bPukxq7ne9qRYWz5cp4y5kv,14.0
HpBUcLiZz7y6wE8FJ6esroUUxiDViokCBZCYXRPCJtc6,14.0
AGG3qKKPACfUsKMTkfaKBmsTJh81M4CNuPHnctjfjGBr,13.0
VAU1T7S5UuEHmMvXtXMVmpEoQtZ2ya7eRb7gcN47wDp,13.0
JBa1yhgTqaHeLFi3Ao14dabeoswM76G2jVsFS5RbiTNv,13.0
9cwZnH19cQgnvSM5v297qpAhH5JXgqg2qcU9cdgumLCk,13.0
SCDpx2Fs8MRfFM7ZvzGxKPhVvTm6Dmz9eLgtF8W1YYA,13.0
snapNQkxsiqDWdbNfz8KVB7e3NPzLwtHHA6WV8kKgUc,13.0
PDegennJ8vHy9CrmCCtNP1Z3arcBpKcePFS4BJDfZA7,13.0
AL7nyF8UR5MsmXrmnCf8SoAyT7ccK2DDQh6GZufbWcje,13.0
KodBsQQan3wXfMNtVVn53EyQio5dFbSFrBhL1N3JUav,13.0
BANKrHqJetkZtc4uUHnaNthPS8fgnAo2G9D3Ge247tSv,13.0
BbMscgEMLHayJmYqZTFpLKUqJTcSaBrVvp41T3VzPzDd,13.0
BrGZWHLx2VJ1VcFzsvi55rHNzawLWqMVaxivDDQx13Cb,13.0
bNYUp3ZRV7EStnedwUzmza2dMoBsM21V4woduiv9pXf,13.0
DeSetTwWhjZq6Pz9Kfdo1KoS5NqtsM6G8ERbX4SSCSft,13.0
DvkNhTLKGVXSkzeqcMkQki9fQUqBCSKwT6rTSV8j3bKP,13.0
77XAFxqLEoiF5yCdQpgp8B4rf7L8zRswRYBFuwVW8fpL,13.0
EpWQssNDv9vKvzjUCSqQD2CwoUd7hGQgQv1hrYRDDiSP,13.0
distbtvXcUN5N9Jkg7PeFgU7FSxMX9TW2W1jZPoBFMY,13.0
556AkjyCYA86cEoQ16bNq2ZmymK6oMfWYZYQHgPy1Zf9,13.0
dstK1PDHNoKN9MdmftRzsEbXP5T1FTBiQBm1Ee3meVd,13.0
Dex22n6vVa2Suawc5TcAb26ZmeZ33BpS3xWAKDvWkvQk,13.0
DZfVFstXThGbTzQ4tuAecWWH4bbHeJ8KqT7Yn6QaUX7V,12.0
proXyvv6vmvzJuJ73cmYje2781t6nwFvACqBz7mz5A3,12.0
GP1zkLHHeCyuoYRJ2CA7nzJNMauvCrFQ3Zem8hvtHSY1,12.0
G4hWKHEchafN2PDLerBSaVLwhzB5Zidp1JwyTLYDFbCs,12.0
cTLst2ZsPJuLLNvduvRrkm8VEb2hM3LuSb47EC6QzZ6,12.0
AZZ9YjDrqayqbt7n4sMPTW4AUBHCYVUUeUgo7psHuu3a,12.0
8ujcZKqENLabx6zWjfuU16iMkxgZvzCt4tMtBTRJYvYG,12.0
LNCRQTZfeLMFHsSggvVc9kQWb1A98PEqHxVzBraWpQs,12.0
7bPFgT628AeQVmbZiGrRrjkr71mDUFh1VguouvRr2MFY,12.0
CVGToKBhs5AD79SAHPwK4VQLrkbJfK88rKd7EDhEypDu,12.0
AL5nyFaZSf3wTDzNY22Ne4mdyPg3tq48ig5VBHvLTyS8,12.0
2SA6hTKWEGXVeY1ADVkiucGSw88cEoYDE6DKNozt73Si,12.0
Stk5NCWomVN3itaFjLu382u9ibb5jMSHEsh6CuhaGjB,12.0
SgZMSQwtC8FPsbqNoYpMFRaqAvEbzZZmmee6GZfmDPs,12.0
CUbkXMRWxumGzDwf43ysyFm3da77JRuUqLF1bmW4tGoZ,12.0
CbPxycRgQhRMJVnjBfqbRHzT2bsbTuaargaivHqNKLJN,12.0
Mgr8nJhQpzhC4mEnaqYvktGJRVEJPjXLhfGccLYTgFe,12.0
ANFTVQBEyWF27FLx3LKCvZk3nWudUKhsT7uNxamUAD7c,12.0
FeFjYj2YuMsk87Cp48ubzQPtW4MWDaKJrCs1TcdgosZJ,12.0
magVHPBB6Utmbcy5kizxypNyWM1zAY2pjDTUho3S5Ln,12.0
6563bNZpM7bn63rJYzdqP7pN6ndqkDvzgSZXbHtaDgWn,12.0
CoCaSGpuNso2yQP3oqi1tXt82wBp3y78SJDwLCboc8WS,12.0
ifx1fqLJue8v2RoZCBr86HcBf4C9PbsmN5xFsqF9bqV,12.0
Ayzz5xLqtNX7DMYs6Q5Jh1VBJZ1nh3bGmdHrjtczwHxm,12.0
AbC6ZJQN4MLfdYizsTCsKnD1mDDoj9ACwpvDSwzTJmGD,12.0
AxZaYudbuj4LqBYPedWrHoizUU8cicwKwQegnSgmWrZn,12.0
5xDaNQenbqnHutHkn3xqfSM7oHFSj9Sw7aZnViUsxkgY,11.0
1oCkVqJ2uk4SuHyCuZKi8q3J6gjoe9Pux3XvHnHFVy4,11.0
59cbSU8mNzxo7pqSsKbUW5K6RM9vfEfwU6AkyZsyDXAs,11.0
BmvXWuJGLh8xEC5TbBNzBCm1mKSz3d4RQehNtSweRMgC,11.0
hgovkRU6Ghe1Qoyb54HdSLdqN7VtxaifBzRmh9jtd3S,11.0
GPLT93jvo2C4bEjzENgnf8iJ7YMZSyWm5FLAQWH7tX6p,11.0
HkRdHHqMWrgDa1rj99TArnvxBskXPLt9LWmkPLqfoynz,11.0
3KHSHFpEK6bsjg3bqcxQ9qssJYtRCMi2S9TYVe4q6CQc,11.0
VALY1TfX9RfPwNoVSfch8RUmgq5eNtWAjx4CVmDeYMo,11.0
FUSCE1EYRtMeKyQBB8QNZVFgZSL4guv94fwsR7L7imo,11.0
4VZc8YVZNCn42aJR2JqX1BRrZdjxavRHjHsdorb245GR,11.0
Euo4jvwQzERLWj5xEQkC42p5oeE7oy9VCTHJshmZox5,11.0
EZiUb6ydWpR3ciizBTJ1J36KCqLyPKVjh4yZEJbs5Uno,11.0
hNEYyRsRBVq2La65V1KjvdbTE39w36gwrdjkmcpvysk,11.0
673zcRDRzXD5d4NRVBaZ4in8FzDPmS2RwxZ5woChcQwM,11.0
5Q5FXSHTABC4URi6KUxT9auirRxo86GukRAYBK7Jweo4,11.0
LLoc8JX5dLAMVzbzTNKG6EFpkyJ9XCsVAGkqwQKUJoa,11.0
CnequvoWWPLMRY2obFMwGoYEsuSHM2WkvRtFmgaQesgc,11.0
Dou1Phg8n1T1UUGV67ba9ZPS17urgtZHZ9UYGmpwv5Mu,11.0
D7f2m4qFfAP1osnsJrU5r2xbXuqfF1Doi38A8GbgAovd,11.0
89DvhEnYKECgKfBSmbZZ2uurQcMdUgd6KsnbvCHX9zkY,11.0
StakeLiLPDCHtVtDmiDjft19VorbCvGz9DpnuxCsWWj,11.0
F9zBS4xUUtGUfBddkAhXaiFxYkJbUpRVUoic4FxpnXR4,11.0
SFarmWM5wLFNEw1q5ofqL7CrwBMwdcqQgK6oQuoBGZJ,11.0
mdVo394XANGMrVXZCVAaX3AMHYvtTxXwg1sQmDSY1W1,11.0
HpYBCmxYkb3zs2W9LmjHWYs3YUQN6QwrjKZq63UN4882,11.0
ErHE62tqzt4qqUtgTbe4LHor93UPAKoCQxjNhrXjZd6B,11.0
ReNtQrw53c7zXJr6Z6uG7jAAwXkoHkP6p3ymmZbm9v7,11.0
EmAgZUXQpGsQsruXnd8UhnMt3SMG8iyF1xyqEg9d4imY,11.0
JPTermEg2DwrV39xb1Fs7z1VUxcvdPT7mE7cyGsQ4xt,11.0
FANKVtbhcNF4zguTuNsrSfRbvM8VxBvqQADS9jRQtnrz,10.0
Lock1zcQFoaZmTk59sr9pB5daFE6Cs1K5eWyRLF1eju,10.0
9tKE7Mbmj4mxDjWatikzGAtkoWosiiZX9y6J4Hfm2R8H,10.0
GnrTBMLR3rCpLN2325ZrfjhtWdtmyU74nntTKugChzZT,10.0
9dC1GNxYTMNjh1ftfjCifk8oUntLFJvtz6yzSpXHQg17,10.0
3P4PjZi4jwfxrrQNMvExfnos3SoA8mGVDZ33bbocLhrD,10.0
89SQzaG7UW1qVnnf964ohEP2pPYCSR96WQNL1UYpqVts,10.0
8TqqugH88U3fDEWeKHqBSxZKeqoRrXkdpy3ciX5GAruK,10.0
farmL4xeBFVXJqtfxCzU9b28QACM7E2W2ctT6epAjvE,10.0
5HVwJR5GtJoHfthX8uJvs6VR165ZqPwdUDAQZhytEvaY,10.0
4oUq8HocfbPUpvu1j5ZVbLcoak7DFz2CLK3f91qUuQzH,10.0
9AoekTgN9N5fk5svcRwDrGZAzrDvsGTkVAthdJLKz1B8,10.0
8guzmt92HbM7yQ69UJg564hRRX6N4nCdxWE5L6ENrA8P,10.0
5yeVJhrFQZXZCchWx7Qw6uL9fFigHzmtgVEm394b94fU,10.0
3Katmm9dhvLQijAvomteYMo6rfVbY5NaCRNq9ZBqBgr6,10.0
TooLvy9zYfAFVDik6hKr373vwpXZFGdmaxd6HpTvLv2,10.0
VAU1T98eWi9uxHbED9i6ueoTRLy1dGcNfDBwdCSNQ3e,10.0
BHwXNS8JWpVMVK9SMS7cb3adRDZ44jeHHvXZVD9ufN2t,10.0
CMAGAKJ67e9hRZgfC5SFTbZH8MgEmtqazKXjmkaJjWTJ,10.0
HBU88gzu2pX386cFpjfP2kM5Pe5fs3cnUZvmTvKhBvNU,10.0
PSYFiYqguvMXwpDooGdYV6mju92YEbFobbvW617VNcq,10.0
FVcrWi95GhVBThsvEp6jXMHXKa2vJVooHNmmtehWztiG,10.0
HeXZiyduAmAaYABvrh4bU94TdzB2TkwFuNXfgi1PYFwS,10.0
2tJwQKPZBdSaoKPXELKZaEvejr87z6QnpnZjHrGUApPT,10.0
LCNTy2Q4HsKUecKEETwwzujjbAx9DGFJort8SjGzGFj,10.0
7ro1Xa6t83AJHKubksLNpBoYesorpQaH6C8BJeQ7pJ1P,10.0
9JcNgNMPGSbjLhuXtoVd6e81n1g1r1ZXUon2gzF5XSyr,10.0
8FvdnMm3MzbECnbXPE2pw3Y2Qv3C8TmqSfuYQethp94G,10.0
bMersFdXPWiRzjqmbviCRMvwvN1FpRmATaqrF894CbU,10.0
H2rKqT8nZuzkdmnx8qfCMrvLvg4UcYosLeh2P1dNPZi3,10.0
8888FTjdEYxJtcdqnEzEoNGhyrDivDLcS7KWWWHrdwoL,10.0
BLTsBAT261wAHZwxH6FfYuxPjRMQAYcz2JQThvzooUD2,9.0
5Rbudm2F72nFHrKC8arKK7bMv5u5cL3sPLEQv4G22jfD,9.0
SRSPsMqHaSLJjPNKEoQbTeF6TSvospw2PXGkfj4VzhD,9.0
StakeuseJR6y7Yr11GCi5zV5YB6gU8r8PzyQbQ5g9vu,9.0
CESbpXkgpikoPFxyfCUsRjHJNuE1BA1XD6xMHgNb7T56,9.0
EtN9dV3D7BEJfmiNGeXz8uxH6QfmG5bPS38vSMfQRfQs,9.0
95UdhppdVGNUvze5tZxzzUNyctyhhpHF9v3f5BQ6Kfp1,9.0
6vVpEaTbx7FGKTSJmS2g9W7mGVJF7Kt6EQmoeViAbMQA,9.0
2JTSGpmfjgQ2eTTNAUDkRMK5FEh77Tbq62HwNDBwfYHS,9.0
BgFH1pBWFzbkDARiJPYDMMwTTzAyTGB7DFJBxfbQWYub,9.0
hyDQ4Nz1eYyegS6JfenyKwKzYxRsCWCriYSAjtzP4Vg,9.0
BonusKZuApNNUPTJzeLxR6oJa1qbfH9WeFGZwoD1PEjn,9.0
AECpbyv5BG7f7Ez9A3ZfKtGQUwbaeGPJng4tNDpKcwuY,9.0
7W36M488xWNkgk8y3ThyEvRP8WttxQ966PCMDb5Ng9iX,9.0
2Hi3uTTe1V989My6VC5dWiLFXTS8sUABTSDq8u9rw6S1,9.0
time2Z2SCnn3qYg3ULKVtdkh8YmZ5jFdKicnA1W2YnJ,9.0
strmdbLr6w7QNmsiEXyFwWg3VSfg1GiELgU27P8aCGw,9.0
VAULTkY8wqUjFXqNAeB3sG1fkEcW4oGQkLxpEp9P7ZC,9.0
7Ki28FBDKHoRwYXfUt4Cx8LcaQhGo27mLvNM9yx97kA,9.0
5TTXoGZk2ckWFwvX6LKL6144rXfNEZSqUFUpRUXvnKmd,9.0
HP3D4D1ZCmohQGFVms2SS4LCANgJyksBf5s1F77FuFjZ,9.0
AMM5G2nxuKUwCLRYTW7qqEwuoqCtNSjtbipwEmm2g8bH,9.0
Drop9NhG6Mm6oQmPnzr8FQP6rWaPiwFkin59SeAKApLc,9.0
proXqe8XKRvNmWuSgC1uwrpAHWjTGHTxMvYZDvS34LZ,9.0
abcsvVSGQZxDKR1gw6cDqvTdHTj8YGWy73LyzJAesvT,9.0
GMnke6kxYvqoAXgbFGnu84QzvNHoqqTnijWSXYYTFQbB,8.0
9Ef7uzrdsFCjb3jCqR9YERTKAKnmpxj8QMRGKED1Csq5,8.0
9End6f7pDtN4hzy1H7pwLW4KcYz1WsQp9dmJR2KyF3sW,8.0
HistoryJTGbKQD2mRgLZ3XhqHnN811Qpez8X9kCcGHoa,8.0
BiWYM59KaLjtDqFpQFLv6HV5b9kDAhEq5FGYEosVUggF,8.0
HvRgaJSpcV9nZoutmR9c28168wNpnXDG3XESRXxS8ExU,8.0
59TdcTiuLMFqk9YcsoeTyd9aBu4hVQQ8YTCWKW1AE7ki,8.0
ComicttHFuPEvXMeSSaWpXYFDoHPMuLYCQ6J4kCGaHqn,8.0
aioNVYqJGniJpgtkgH6BiKXSSmiEhmo7tgAJj4waTAt,8.0
DeMUXAEwfxpdZ64Z2bUzW1g7Ehhe8K6qCAUBrDkVLVpa,8.0
raYYaaYFveSoKwhweWvnP88DyagpsfTppN7q7DBHd8U,8.0
PBondDFu4LkX2iw1ozEvdhxv5CtmY7mzLRa8t8D75di,8.0
Db9ZA2C4zAQ8JUuykRhwXr5keFHgSJWPdHDMKxRRanBc,8.0
58vUfgE4RsZvffjNXPMkxcyZ6ZqsrFRcP3jxY4A1RVwY,8.0
DyQWFkDFMrTm4rcLKC1ayM5fKpYdW3DLpybBPwvdWZS8,8.0
HJF81gg2GzKCL9LKnd7aTXCZQ1g6c67PBBYUP64oN9Hz,8.0
mgr99QFMYByTqGPWmNqunV7vBLmWWXdSrHUfV8Jf3JM,8.0
RAFFLv4sQoBPqLLqQvSHLRSFNnnoNekAbXfSegbQygF,8.0
4FPccA6KXzDj1oVBUwN19NwnELicjqhqonUJnp77TCFN,8.0
CaR9ciDnNnE6WX35tZWrjeGdKUPaft7r4oQGF4JhwVxZ,8.0
DN1bQ5YttVeTqKVNzNQ5TLCoFp8BUkW3WcdBo4mw2Wfa,8.0
8ipQsUewD9McMLuFmDuyx4VdpKfLBgvp9yaUjwXUkzb1,8.0
vaU6kP7iNEGkbmPkLmZfGwiGxd4Mob24QQCie5R9kd2,8.0
9wJV6PNjjMu3ALv5u2kUg1x2v8PdbbPT7hu5qkRfB5AM,8.0
7t8zVJtPCFAqog1DcnB6Ku1AVKtWfHkCiPi1cAvcJyVF,8.0
2qGyiNeWyZxNdkvWHc2jT5qkCnYa1j1gDLSSUmyoWMh8,8.0
PRXYfxphDMCxnGKoFgHG6Wu96CHQgvqs21igZEff3vG,8.0
Exf72Z21dfNTkhqR17G3unwRMu5WHxof2K883JAegPth,7.0
vaU1tVLj8RFk7mNj1BxqgAsMKKaL8UvEUHvU3tdbZPe,7.0
TRCKTiWtWCzCopm4mnR47n4v2vEvjRQ1q6rsDxRUbVR,7.0
B1sFgxd4X7WSw9622AoWna7YoweSm9oXARL2Dk5vtBAs,7.0
GJfHWfGL3ypUyo5EqYGemAQZtLwMmJafY9cSVNC9yE4m,7.0
HaTeDoqmbTpXPP5bGXoNPXe2Ze2YAs1qM9KVUE5DR9WE,7.0
J9uWvULFL47gtCPvgR3oN7W357iehn5WF2Vn9MJvcSxz,7.0
GcMw9KjCjNKrbUL49dJKhZHKUL9DaCXFFKnZ9kgB1VCS,7.0
v32YSnVQDJfpVZm21APm5V7j1R3xCKU6VbsZRtAXb9A,7.0
BASHv2NgqzdjKni4Rp7PxM2EzKZPSVGHCkC92ZfNZis3,7.0
DFv2Wiz1XaiY1srRvCAnLDa7SpWwwhSCdwfroMtaReeJ,7.0
6cDrTfSPQgJyijqpTPL8FuExcFs1bzv5AgBFViBX7M6L,7.0
raf1FcUeMgFzeZsjcqZfLwpw3B6KWaHaybZX7xm1aTS,7.0
FE6d3eupaL74LBpLoe4cJqEn6fzSUrp9AVp75B58SSAc,7.0
HvwYjjzPbXWpykgVZhqvvfeeaSraQVnTiQibofaFw9M7,7.0
ALGnZJcAJgLJmMRSg8nhEkMjDUE6kJJ4ERn1yygUt3Qj,7.0
FZg4UhJbmeCJCpj3GCx6f1LZeFqt7fUZ2jEFJWx78kwS,7.0
2PA8KiYXPazDBK5RJtnJqEZ2EPf7aLVv78RMhCc71WM2,7.0
9ib8pJ2UZxWCVKwCQP8NuxEoKDKdAWuaaMwK426i9gGy,7.0
uTxqk7mggANuv9jFbSMFDc4hwQwtXrhad8kcc28zPZn,7.0
3tkfvNZowtFFSGonpWS51bhxfoehedGDSL4fAmCvYpED,7.0
3t8xggYtDGtd6mu3aFBphspF74KSnF2ZviBUuFmRw6w1,7.0
JAfVHyuEgxEX9Q83vKwqw3SGLm5RP4JxAhMfgaaQqkcU,7.0
AhL3WGgLnNf2g54rD8sfeULr2ogdY9ZnH923YbxHAfdz,7.0
CksdmMwTMoiotvYaNhXt8yUTYWHG4z8bBDvnq3cGY1EC,7.0
3v3iMocmNSLCuaTXBpCfRWKJekw8xRZnCshepVuAxDTR,7.0
rafv3Ewht85KjuwP3P71i5ffoFqv7nUy2WvDnjseJRP,7.0
GYWHr7DRDnqbeCzia9g4c17YWF2RXsbvey9FsUBmsXjc,7.0
Memo1UhkJRfHyvLMcVucJwxXeuD728EqVDDwQDxFMNo,7.0
3XXuUFfweXBwFgFfYaejLvZE4cGZiHgKiGfMtdxNzYmv,7.0
2GTZxVjUZKSC4q2NuM4Cs7EzzCjQXyobsWvCVHe4rstW,7.0
4vFdZYZ4u8ZCjtNH9EHtaULwYHEhScLpu7CgKxRRM5Ch,7.0
or3LAyVBxcFRM9TPiZhZawoKNzcuG8wE3j4FB9jtdJL,7.0
2G5cApuDirL7mdS53iJiHy7yuJiEDxGm5pXD5o1NeSR4,7.0
GeV8oDGvxeARycmsXS2rbJdv2gDfpFP9qaAkB2US96jK,7.0
6ht4hEbdinNCNbonTjAoPF94NpHJDKhrMSGYie6LPj4f,7.0
AKb9fNECY1A1PNFPqvCofT8Z3DrnQ1CcbrKPHYruAcWH,7.0
4mbRBars2pLRocv6n9cZWVpyJhH5M1WgRpk1jAeWVfHt,7.0
Round8ieb1Jcbp4m68kwCVyUJmHAVoz4orTwU3LtAuH,7.0
1LgGMiC3JFXkx4dZpfhHfc7QS9yefeFm8kNYm4UmwGH,7.0
uMqXycJ68ZBgTTgiGFSh3jL8BiAs7d7Vr8nmccKuJ6q,7.0
7NrSe5nFmJWy5o2hk54JM51XcvVLLjRq513S7mZfTP9f,7.0
DJtaRMDcRiiezXLPERFMxes3tPAeiPrZaGXnUSLAQgwt,7.0
5yCc6fGQwcKSyDKADVKXLAQYB4mDTZiHNZVXjvQqVXgB,7.0
67714KFVqCYNTu7NUCjtMuid55dKutnXmjXpeqJEwmpu,7.0
MRKGLMizK9XSTaD1d1jbVkdHZbQVCSnPpYiTw9aKQv8,7.0
PreHi2WKgt4wSNqmQw3oyS1p8EV9kHAWpXwwsrUva2t,7.0
Fk5NamjHvUHLdmPiinXfyXMFNsgBqivXyph6MBcaAK3M,7.0
SPLsCpfTUEZe43PDw9KXnw6eJfKVZoKYCGGPY29S3fN,7.0
3Cd97hFiksoqJbFMeuKXahFdoaPP3RAVmzRx6GqVqZ6A,7.0
oGA1rHb9aGa4i24V1bQHZMGbH2qyWFV9nU6Mcj57cof,7.0
syNdL21zsXmUEwnwkz2vg352EZfDuQTiG5BgTFQy5WD,7.0
hope3SoWBf1vSGwQUe9Cez3EMxJFn2HRVVq2js9ai9E,6.0
ENjMcffZoaLSa9ob7Cf8ccAiUcbMgGAyU8GD4DTmGh8c,6.0
a2drhEDkx79ZS5oedKjt9q4uysQ8CvX2KXqusvawqUS,6.0
eggLYZtrPdTdkwPFWcQL8qq7QM4AvXKtYBH2KK7gmxC,6.0
6jPXVk78mLJq3MAz24gasxmYmV2f3bYDd5Rp5zK92tew,6.0
57CE7xsVGjSMTWNz4856fCTaa8jz6Ly9CzUw3APxEK1b,6.0
87o4VGMZE3fjtVnV8pLtRSGCyChzZLoNq3LqAW1whGv,6.0
GjFyovPANyT5SQjYB2LnXY8GgemLDkMX5k6qnZSYNbHr,6.0
fun3keuEmjJMfh4qSzMxdaHPG3Tsz5eFyJuKRFeEE9P,6.0
EQde2UDYassLrQ1rsRzmLTfsMVNCWGwAh6jDNGQZ1iGa,6.0
DSDcTBZ4tgRd5erNzFxhaa6pnKMcxRGNVKozqJ5wwRhD,6.0
FL3XLRhvwqwjwU9aYs2fT7Q7WG7pmQNgpf2hjt1w1oE4,6.0
7ZBqvjjsi7g5x6UPKVncPEtGW1P2iaR9nNSqihndSdLX,6.0
MRWDBkgyy3t3aA9C85DhmPfj39ss2nUgdsNthsRba2N,6.0
XdUP5LdgKezAX57J5wLbmNTbXHtHGQ9hQMwWJAFVZo1,6.0
a2trkrq657zythbTWVonsU7vVKiamXT2aUKmVBRyZFg,6.0
fzu2cvtEWXfQeQGDxHbX6Q61kysHRPEjD5XdtiFXRNf,6.0
E72hAXTsSJn79Xb9mBB7kmK9VoX3HGNaoCyrqEqCE6dd,6.0
2jdxzbDF1T1yAjVXkkoYt9RUE1SHCvuvvFLWkYpixtAr,6.0
7FMkK5oktnD5bt7RRpPbri51PBhA5yowZfci37YpHVJe,6.0
BLbuyDNYyHAttNvJ6YNQmT9ivnPBfr5qcKGcwVfxVoiB,6.0
DXNWpmLxoUrt8VpYXkrmoqdt67mE3bnzQVpResjQySfZ,6.0
strYLvb8JvJqgswRf6KdJHyqw2izxP3PhKnLAtkU37x,6.0
DGjGBGv4BDM7K1PWj1XNXmiQwsC3TEk1DPudhGud115P,6.0
GnstWL6XFrmPxQ6ZzfBCmxT8TVxhkAbsmzNkYbEZQW4z,6.0
8sVPFDkHmQGtKn47QmqrBvCzkH3ZQU1xt6FAYFo5tQiU,6.0
smartAf9Sk2wDbb2HpHLNPMQrUkrdX4Yw5LBMVqgpck,6.0
25aYz6xiWAZXQrvGdV42QRFthdUoEzB7VpcwHWp9kv5x,6.0
DePayRG7ZySPWzeK9Kvq7aPeif7sdbBZNh6DHcvNj7F7,6.0
GAmedvouiMuUop6UUvGe8L5wdAQaSwXa77JPxs87pYpE,6.0
HAtcHcNADtwriNaXzkLqMjANDxKSV9Zy5MK2m9kiYzCS,6.0
acpcFrzEYKjVLvZGWueTV8vyDjhu3oKC7sN38QELLan,6.0
SRho9UbNi7gWTxfTQkvak135ZVfUABT5cFgz4xHiJv8,6.0
SLMd1WANjRojqPvQwRUkcZLZQXioo6DrMohUB3SASvw,6.0
999999GFAkpCWdD1D5qPuTjztMWGvSkD2tzZDQKVYezL,6.0
75Jrbo4F3tTbM7Kd84HC3NXpFCYjGCJohsjhKvNzMh2X,6.0
5QW9BCx6oZKjSWCVyBZaVU8N4jwtFnged9TsiaXvDj8Q,6.0
sTakE8X4ZDpsXcMn49C8yysqbQJcJC3vnNEjJq93dTq,6.0
DStkUE3DjxBhVwEGNzv89eni1p7LpYuHSxxm1foggbEv,6.0
stkTLPiBsQBUxDhXgxxsTRtxZ38TLqsqhoMvKMSt8Th,6.0
2gWf5xLAzZaKX9tQj9vuXsaxTWtzTZDFRn21J3zjNVgu,6.0
9fgiUSTP62G5KWP22RfX6GFCfWzQTFs8sjsWnKoJgVK5,6.0
WEBL9KJ2NVCTqvxE4Vz6jAuWudi6VaTQsxKCjeHFoAB,6.0
63wzcQioKZtgSEvvJwJ6QciANZXSZ6F6ZWRNCmsBfFQa,6.0
MineQ2ifvRhY1sk64aSKtAK1XFcemZ4nKBW2dDArRvF,6.0
GMRXrgb2TF6ejGt3nJrUAkwVoKUrnVK5LZ6duRE8x47g,6.0
7tkLc4FkWBUkHEVyQU6YBgnVCAqNEB2ApRcvqTXrRrra,6.0
SMBcYrFfPYRrZnQgKdVxy9jj6yfng3KGNTzaEvTRJSg,6.0
7bAJsz7ELzAb4nwuh2TeNS65g1nbm4LFuPwPhnACByn2,6.0
NftvhMscS76cfXZGD3wZbf1YR1BeCnP9UcLrVD7RiUT,6.0
LRewdYDnxyP9HXCL6DQYgTaeL9FKb5Pc8Gr4UbVrtnj,6.0
3SnN6jJqwP12exoesPhXD4CTudpBJWNwckNqVBFMh5CH,6.0
HEDM7Zg7wNVSCWpV4TF7zp6rgj44C43CXnLtpY68V7bV,6.0
BBTRA7rujmGjMBGxB1Ts27RuMUg9GoLsjNnMs6qGtqwg,6.0
5QzRmsrmSgC4VeaGdhuqLfAajv5Vqq23xfoww1nRXhv6,6.0
VAULtLeTwwUxpwAw98E6XmgaDeQucKgV5UaiAuQ655D,6.0
HHMPQyE4AiLfRZDvGipFMpm7aaKPW7WKrborwqnDVoyq,6.0
D3BBjqUdCYuP18fNvvMbPAZ8DpcRi4io2EsYHQawJDag,6.0
MGovW65tDhMMcpEmsegpsdgvzb6zUwGsNjhXFxRAnjd,6.0
BXPSqb9uCpMQDJKNYJi2gobf1G3TBNrkvJdrBoN9ud8g,5.0
FphbmNqJn9nvbsLemvEJ4grkhDZ8cZ5AaRuQweoXdNdq,5.0
Ah4iWCSrbnPY79yzbAoiciiDk1X4zW6s8yvki7HKeDo,5.0
SCHAtsf8mbjyjiv4LkhLKutTf6JnZAbdJKFkXQNMFHZ,5.0
4ixixACNcnUrebovszv3KfTvrEcWThRbRmtb6v3vhcDe,5.0
7mJwi9PnX561LSghknRnVhjcKmBUWumFnKTMuzM5S8Gg,5.0
BmpnoJHzxPhFDdQeh4KDDemoqcSYWmnqVwo9rk7mjzxU,5.0
BookWizfXJLgda24JdN1drgWzqw3ta3rU1vGotFjpNTH,5.0
eddn8tqKsfj3oezin66nmoK5PYrq28dEWMXZYxoQUus,5.0
7CMQ1roQ1BwGAMvneLUBtaVV7px72C5VE2U8cM8vqmjW,5.0
63qM9V8H2oCpvu129XbhoANTp28eX5UvFFLDnXDkwZpG,5.0
XqMFjmmsTa7ohTHwjRLWwUehwQr2X7TDTZdDk7jorZx,5.0
Gswppe6ERWKpUTXvRPfXdzHhiCyJvLadVvXGfdpBqcE1,5.0
P2Pj8hKKJLxsZphrP2bRUumxgzLiNk67i8DjyjJUzPv,5.0
pRasnZSJvMTg8qtf7xpDkAoqCm1qpG8JTYEYtJ3GdJQ,5.0
BTN22dEcBJcDF1vi81x5t3pXtD49GFA4cn3vDDrEyT3r,5.0
CLoCKyJ6DXBJqqu2VWx9RLbgnwwR6BMHHuyasVmfMzBh,5.0
SwaprUPny1Y7wjW1vnbF5doL3qc97QLai7sA2gHUYgr,5.0
DSucLcz9Mxqczfif5zkV6mWGCU5C1RPxWoLNjrzTuZPF,5.0
ALBUSbdydS2qoQXXeFfr4mqc9LFw5xWmUMdB4tcscHhi,5.0
8HDHX4zqfE2rni8bKehtubohyhHUBRWtqZGGTGFV36g2,5.0
8avzknWnbb5z2sTTVGH1PH4DhyJCEBTzu4tqm1hKEfVc,5.0
4BTy6FpUakBpNNTJFF6V7BK4fKR2bds6Sh523Z3gxy4k,5.0
2KkyPzjaAYaz2ojQZ9P3xYakLd96B5UH6a2isLaZ4Cgs,5.0
FQnUdztq1GzQgbV4R8hLnfU2E1N5imeqQuUo9Jh2JB23,5.0
CwrVGyVWbnVEYdoVo8ivnGNHWHvPEfV8XSQbfJdMjuuA,5.0
5QjYzMZThuwXAW16tBDUuqP2KYf3mwKAPL1FZmTMdtCu,5.0
ALLC5crXpETQHQEmmqLPmFAGA6GNjuSuRAJ3rY8SsLvJ,5.0
E4rdBXmPrEJEVVqnA8Lw133y8PgQqbSoJJFSgwmmoaH7,5.0
EJ36bJLQRxa5bBJhwvngZxaWs6UkNY7ybBbjtkDLydt2,5.0
CN9ZmKbXYb2P2gopww5MV6wSoMS4iNUAkzrA982QcmGo,5.0
66y49xdR5aPT68v3j2TdTgtG5KRXPQi5vxpX8g9dM5G,5.0
spinyGC8jAEWF44xaefPc8XCW4fACRshZrzgBPKZ8K6,5.0
EonNuRiYaEg8BgHwGGbiqP3WdQhiSp7beQUybaLHdBEd,5.0
FT6sSrLsqx6fTZB8roHYB666GbRKZaLnhuK47ZDfgPgj,5.0
nTTBXVipyGmNERWJ5Kk1TQ24grStxErCaSagSLgWAXF,5.0
ACp6JxADbGJhzuTGYUdH6GnNyP5wiipyQ9Xf3mMy26KU,5.0
SMBeaxKPD5fa2M6YtNYmx6xAY6yMt7jqa78FMTSekiY,5.0
APooLSMjJV9kkqEWX2QvDyStkdPesVugMALsMvPLbsnx,5.0
8yoWezhZzwphhxhH6ab6CTCR71EKvFgV9wf3Uf7fqaUH,5.0
reaLx5UbsggYsz3XyfVajQd4j5NWjimtob8TjSNypaM,5.0
BMrafdefSrPWCwxgiKsRURz7uM3vd8maZFga6qCQDXBB,5.0
SAGC18kqQnuGodKSDrbj8uwWqn9BJdXoCanuV6uo7mW,5.0
FW1ZJTahc9sYY2ZjUqg6tQZX1GaB1876bW2wi42Eqrg3,5.0
4APoSeXM9M4QNhuAR7vVD2MFUvE7C1P1fX66Qg1UWu64,5.0
LEH4u6EgtyVzqtwK1eB6fdgxJHX7HuARvgNdXKubw2h,5.0
FLAPuAEEocJrzHwtNyuvST76pN7FFxfEbEPvji72RE9J,5.0
UpgrdeRaN4VK78FJA8A7sHvFJQfDiZkxZi3cykvyfGR,5.0
7CVquvMopTHyH1MriSUiqprqYEpsHGHwoAzvaWnCvwdL,5.0
D8AXVcP2BwEv5Shn9SFMxp3FpQUcxjzeRs2jF5dPK66h,5.0
CLiPPYa3yxvQC9DJrWUR4yjgaPHfNkdHzMYuDCBEZSAE,5.0
infwiWUCBtdDG61p285W5uaxC3VpvwP3Ww1KEbkLSx9,5.0
FdC6K9y1VM5BsHZ7SGa3jbgtUP4FCJM7jF6wehkf7Lv3,5.0
4oneBqgBxggE9BebCstNQastoFSBzNB2uzZqnrbgAz1q,5.0
6pca6uGGV5GYKY8W9aGfJbWPx4pe5mW8wLaP9c3LUNpp,5.0
8qZNgJRSoSUyi9J3zVAfy2DDxQqjmw5Q9gWQZuaLAFsS,5.0
ZerokLzenZq1USjV2RZAm1NbJ4yMWsh7gmzkJh5ptGq,5.0
H2XKDsmec4Ug3ajSQegBUqU8z4w3La2xPiarmDDyeZs2,4.0
B6cz7FQcivca3Vm8EoRHpyeJYkRmt8RHyQof4MYP1mko,4.0
5VQgyd2LTtvxTZ138zkCZXJcGeYivuF59KcU1y7qDgxY,4.0
DmYaabL1PhacWWsRwyZpBqBP9n7tVq7115zG2tznYLb9,4.0
7o6QTfR72APn9WY97jDEpQ6TZVuAVnbfXdpSuD6vVSWT,4.0
4F531NBnaBYquFVpde2Atc3NpcTcRYkNRgcoZ2XT1Tza,4.0
f1ipPG3C8GLN1pPxAkxrmo7dSWfDGF4Zw5BfNfs48fb,4.0
Bz9i2rdPVFbtju49apqi6DvVcGzv1Uzv77Go1FCjV2Ym,4.0
quekrjyc8AmUPcXRsgyuyBhe8d4ncDKsg8DZJWYjHRt,4.0
SexyN9sPfGAu68KMKURoK1pQ9PWnF9n6PDqzR4hZCTz,4.0
SwY5jQkf6bT6uLE6jWFk9V19nVgTLdX9ECRZtSsydJ2,4.0
5zkKZLkFHHTT7FGMPfypNaJ1iRA3cmZoWLufqP7DdEPs,4.0
esdUULhoeFHro46mvkTizMzg38hKBunvErmPuUw6n9p,4.0
ChompZg47TcVy5fk2LxPEpW6SytFYBES5SHoqgrm8A4D,4.0
Vk8So9iUmmJeuWhdDmdGox8xono1UJ7KUPA5vWq7MAA,4.0
EczHywE2YvM4MLgHvxAaXPYBnUvXwQPdwevntV4sNS72,4.0
GSqM3gA3pZkA4Fca99EUQ1FHfM2y4kCrhEFvVYu8Gkuc,4.0
RoCKeTyq1Wf8Co6e2x1RQCC6uxRkZrQ3mDJUEoQryhh,4.0
F57ExyNMmTLXnQv35vrzPJd5o9R421YkNYQs9DL4rgNa,4.0
6ZSkRogn78y1jQTHmuyR1JtpTZe5T37FQGd3kZ9FJSGZ,4.0
4JhWk2wKQEEVtZrE58hcdAkXzcLuiQhjDxcYAWtLrDcJ,4.0
DWBxq3EiouMPgWoNPa1j6rZqFTu9vBohmeRXV3MCgkZ8,4.0
7ai9NePVdjZ2aPcMju7KQkXEryVQPxzZgMAhBieeZ1h,4.0
5oL7vjppUvCGWcKriiRpmDWjaAAG38GnWpgvbUWvqdQj,4.0
87MEvHZCXE3ML5rrmh5uX1FbShHmRXXS32xJDGbQ7h5t,4.0
gatem74V238djXdzWnJf94Wo1DcnuGkfijbf3AuBhfs,4.0
FvCB84LEyW7P1Smx6UM5th7e7ZwtwcUohHnhC4LfoCup,4.0
Attg6Yuj1zSDhT535qcqLZtX8U4s8codxsGdD6YVy1KH,4.0
3bEcmHsSBWViKYHLvUURWsthYoQvkoFNQqUEU1EZ3U1K,4.0
D8vMVKonxkbBtAXAxBwPPWyTfon8337ARJmHvwtsF98G,4.0
RDM23yr8pr1kEAmhnFpaabPny6C9UVcEcok3Py5v86X,4.0
CLtwRRa8u3mt6j21YT6fVgPthBcfH5TpXUQZ6SrhxYEX,4.0
89Euv9gHgbtT93Bj2LhcYjy8pZ1adEVm2NBFqExkRJRw,4.0
7oJsHfUYjRNomVEM9uZtMWoiSJEPqrbHTejbpg1U23oS,4.0
2mCKvNqjLk4xZaTmLoSzA1dsk3Lw2iXNUBvC4qYjkwFx,4.0
94nRXYTWa5fwAF8pZze6p6qczqZ9sqaTcu72EeSty3xy,4.0
9X3vbBodvKJt54ix7RDqxjmXparKVGwcCHc5Yf2HxKCN,4.0
FitAF2RmjKDiTnmhChJfiSo3fNjk7apRHz5FBdpenGQ1,4.0
3vHFMMWm76Jug2A3mBKkX1sbGuWgiHkwARbJAFitQmCV,4.0
64P7LxMnVZDTbXTHX1muZQi9S7K25x2ceRkPBGPARxbu,4.0
EaMLjud2kCucAoFf2NGLtp3rVQeHaCR4N5XeL2bDZbRN,4.0
91L9t9gwA2o75PUx9RYc9BUm4XYWjDhs3fj55ajvNvoP,4.0
FJ7EgmF4wkggNdqnNfCHNQU4LB8UDT3sJWhVzv1zZXk2,4.0
MSPCUMbLfy2MeT6geLMMzrUkv1Tx88XRApaVRdyxTuu,4.0
Prmosa4Vpu3WSev2HzEaTT5KkyS8ZeJqrPGFVBiCoNz,4.0
dgov7NC8iaumWw3k8TkmLDybvZBCmd1qwxgLAGAsWxf,4.0
CDpzvz7DfgbF95jSSCHLX3ERkugyfgn9Fw8ypNZ1hfXp,4.0
D95WsZLxPY3oYcctTWXC7VSbEwRx5isJQErsZqor6TWY,4.0
FuN1zpALd6mi3NLX2J9vViSB5f2RT4mYgSjmy4sT4Pdq,4.0
b9dhi7NQimrkdYuKBvzL1Ugjet93wkWNCNvZPDofpvr,4.0
4oVNqxdvN2t7e5xqZRD6MfxWiUVEepDo8Na6AVhvwuEr,4.0
8skDwXFBPcfjbmsGk8Er7ncvNGrD1RoSLvdoHNVJPTqw,4.0
4t9H5h7uBarSWNiu66AxMH7TxXoX7m333i4QDHHMC3uW,4.0
2YTdUaHWkQsuiuMoFKXrRL4ApkyTRkWCsLfGeBLGCTEy,4.0
AhnHLc1F971CMP7Na89dsLvqTWY6t9Ja1t9AG2872VkR,4.0
82yxjeMsvaURa4MbZZ7WZZHfobirZYkH1zF8fmeGtyaQ,4.0
pcaBwhJ1YHp7UDA7HASpQsRUmUNwzgYaLQto2kSj1fR,4.0
6SQh3Yq9N9vzvVX8BPqKAL5dekbY3EfqjiXjVr2Ao7y8,4.0
EeWPPD3Q49vo6Do4CedvGVcRgdTr77iotQUBxUzuSxoY,4.0
BxgFa6ewBioKqguGTxFwyKuYKU4cxSpVC7EoddtEmjfm,4.0
DLSNoDHSPHKHauuPbqLNfUkfCmq39gFM9NvtL2RWE8iZ,4.0
936qbxnUA3q3KoBWdoeXxTg3P9QA9Zg1PU7ikF3AN7bo,4.0
4VJhee2vQq6F8e9btwqxXe91pAh59Nu1STfMHNswD4sL,4.0
FHPbXuECjkYGrJHnwU2ozrm7TYzoo2c43CZTo3nJEzs,4.0
Anm2URp9o9Z5qQmgjiqN9Xvox9F7oT5TPNX1HvbjPNVk,4.0
EgQmqMbnMrG59YAVyZE89NrE81wwRGS4F6kvzHWTrkcs,4.0
DMBGZ7PR3x1DSbd2sRue7zd8r5EGe5VvV94ybGGgbra7,4.0
75hd4BZFszALJ17JnWiqk6cs323hv5qT2nSqGhpiTUR9,4.0
GrjVuUaL7PJDLWFSaEmSDwm73Qwt7zoQwErEdsuhMXqs,4.0
5FVv4vXjWxenXoyGreTVXvqNoNWVnDrCCZnQPfvynhbj,4.0
c3eRRbjqWr3CKNpnYGJsy3MK98hbsJyhRziy46EvQkN,4.0
5q3XmcuGp3upn9ASY6GLtPyKXEMWWaast2QyDFcaXvXS,4.0
5x9uuzP7sBNEHCCA2YVxzqUcueKWaiiMQRXxontSK7Vc,4.0
EXPoVPP1LGWrimmP2m9ZHDeYsxY21XRJsXYMRrpEyMVS,4.0
AEauWRrpn9Cs6GXujzdp1YhMmv2288kBt3SdEcPYEerr,4.0
EBGQkRmsA9zDUupDVpDnn3ETzym3EYUwDarZw37EU3VF,4.0
Cf9JrByfmw6CYSry39pfg2BSGHRgde2Cp5y6yZ3a2Yeo,4.0
48MKwUN9uxxGrFCzXAV4kF5RPMVUyruLyYnapNynNtd4,4.0
6XBGhZCo8zLzS7hFsKDDbwpZUz9TYQheKtirEKrWWiJH,4.0
Hb9pHgxkBMiT15yZvtFKN7a1tRcUAYkSqRkoCuzMFrXq,4.0
9K6FqzCbXhgscim1TV7xUpPpiYTQTRDV22KY6hLLPUy9,4.0
7j1Wd9WXDNTTUX7ZEuubUVNtaB4QMvfMWQJo1AphFYUR,4.0
MonoRPwMWxcsVEJV27jyEt1f5VoWg3szDBRYUenm221,4.0
D3JzJfXHRKj4EBSjYwVaQwRiUjJWgYqpZDprkLs1axz5,4.0
GariHqMgpJCMEh5TZfq5J1G3nDsypt1Hmzvis76pnLpb,4.0
DGumNmyMhSeuNYsJLWD7VELLoENEenp99pTtDqSR9dUy,4.0
ELULrkTGqEq2iRDhVZGTZDBsZ1cMjhdoQV6fAjxwkQvy,4.0
Evo1SmkHAaanve1Xp7dDRGZPLu4HFA19XiyTqGKLFRyP,4.0
76cE7VpdawnDr1ie5YacxmZUfQgfFioR3dH3hBkzbjCs,4.0
magnaVezybsnxCpeWsrYbJSr1qvzN2keHHHLYdAfinA,3.0
rafxXxjw9fkAuQhCJ1A4gmX1oqgvRrSeXyRPUE9K2Yx,3.0
tovt1VkTE2T4caWoeFP6a2xSFoew5mNpd7FWidyyMuk,3.0
1349iiGjWC7ZTbu6otFmJwztms122jEEnShKgpVnNewy,3.0
Hhdx5rbDRfpZTeE2CRX2XbAiNPj73rRTYE82St8hwZHS,3.0
puMTNUn7TpjWD9UzmjNbSQG1sVkLifbS8TTBP7nEpAd,3.0
dbLgwnJ2q88Yj2A1htmEJPeCP3Ds27gUeQmdGhoUc3S,3.0
2TQ4a9igqmz91BtHjnAk5hk7JjVuRwyQBsQfrGGpcXYK,3.0
Ai7M5duMmHZFgQtog14Jd7AmqUS8KU4C7gZY4LcsPzPB,3.0
FgsWgVXm5U9RyUVBL1bSPJJ4rJdRqJSRjqotXxCSy1UA,3.0
CWSnT3iZYTE4cYaGd3KPoFtdwufW83MVpTUaYA5UNTni,3.0
FqBYvttszQpGLd5EquXGRkbzZnb3CWoGnRYhZc7yu998,3.0
gmwZZM2cNk2aVoHD5wyVouvCDQyrH1jWLQNpdBcYSPT,3.0
7tZimP5JStyoo43eL6gFJPc86wdAnxcAFMq5HcKAJSrY,3.0
AssetGtQBTSgm5s91d1RAQod5JmaZiJDxqsgtqrZud73,3.0
3Qvevpr9VQp7ECWjAU186oiSGjMhDucjU32oSX8BfxGK,3.0
BcRdV2Pdacwhq57GRbjB9caJDzupEpGTYcR5GSdUQ7N4,3.0
7vxeyaXGLqcp66fFShqUdHxdacp4k4kwUpRSSeoZLCZ4,3.0
4eBb6vQsmCs1SC8RcSF85utHa2d3eXxnLA53E9PDqnWw,3.0
2yYDX8THp9hLM6YfTrhRUUSWtWJM9b87uEwCuFAXv26y,3.0
GateFzR5Q7nepBDKDnpJppdT1eenLBfXWcUNfMZAExcc,3.0
B2B4i4DYpvUGYg2yMuNwoE64mDM4WXXguyT2UNc4zPPs,3.0
CsFJ6i3nhUJq43KwGxALBAmSawv6cSQHYcVceczxbQrq,3.0
NEDXqFFWdkRYUE9oRRAteiS22tXDvBiSZgNcGn9G5QA,3.0
4Vm77PDeH3i9nLhfkAjWaSayTFaGCu6fnW5Jo2qCjg4e,3.0
RAWRbJtj6gnQhC13v4VUPY3LxkwAiDXuH42uaR38ywf,3.0
B5Gcvw1NJE3nGWU7N1N21gHAyWZXWSPrvdM56CtrNj3P,3.0
sphnxz9DeFYmrTzGgb1UiG8nZsmjR3yEK8N8Bz8TT6f,3.0
NovasUzwKPeuANDKLQCGF1ceXVTNVaqwRwVjwPdDj8J,3.0
53FFMQEaHxTwhbRtF5DaEjCzdDxaukAbhTbjdXhvFbsD,3.0
STKUaKniasuqrfer3XNbmrrc578pkL1XACdK8H3YPu8,3.0
Fd87Q9ohfHpXnLxVQv6mFuBebkwLzDRK5SphnSv4KYFh,3.0
9iSon7JwYNRF5UuCgvwucFRDSPGxLFuNCghr56q5khwR,3.0
drpKodsbk6FFhcEWTXqCrJgtYJ14CvHAkR3dKhzL393,3.0
c7qTRH6XvUCfTUNPjyRotdET7vZ34HSJakwxW3ZdabW,3.0
AaNbBwo8umvSeNP5UB67dhzRP7Rzqkba8UDtTVqLeqrd,3.0
3M6fGCAEiK26MzQ5UxNLkTA4axJ7P2D1efy42Bqx5x94,3.0
DCZNhSmBdXtsLqfds8xfE3YyZRVhEqXbnqQHoH1Dtz2E,3.0
SBSPdCvDpEhBvn3QMB92dR6DNrwdCKdRNrRToN4tYtC,3.0
SCPv1LabixHirZbX6s7Zj3oiBogadWZvGUKRvXD3Zec,3.0
V1eQUkXCSAgnVJL6B9Mw6A49k7t27eD7hNSMNzzA82t,3.0
synatfE5AvWtbDT9sSvDsF9gmeqR9qeq3FA84bhxWur,3.0
NSWPpfskKcHo93mxZSgdinqpnFkcdWPsSxBB9Q26Qbq,3.0
EDLE5Tnw2x4po1ZGRBYPYVnjKAJAJCJzKFi8RiRuN4xs,3.0
STkwf3sbMapjy7KV3hgrJtcVvY4SvRxWQ8pj4Enw1i5,3.0
BZGikLjCq7bLePNHofNGqJm4kP3JvNN79fs5Qkpvdwxn,3.0
A2ZqfYUK9HAeXAAfeSpTNTHaAXviMxBDn8guuhaZvpbq,3.0
2iju8LwEgxj2ZRRwaXKJnqgTsEQmUWAv9hw5dm3ZeK8U,3.0
HFFfATQ3Qds6fLe28Yb1y2V2KriiQBgCW98DvnKVWvgJ,3.0
HiveXxaWodSx7aQgKuEyhv6QnWgx4BN4Vc1ZCoFGHV6B,3.0
DVWTMh6qSSRy6qnCaR2nomiwcq1Ds2RatXwYFPk1tetG,3.0
DxE4QibnGZytp3nvtKKS8qbEE5SxRmoj7pvPAikVvLxQ,3.0
5H1grGJPrLZuGrvunLoVhjcsxVSKtYqad8ySWyS7cWHt,3.0
8XTBVHf1ru1aZToJwpjw5waJNK1jN6zyw2uQq5jChS7e,3.0
6UDNhiA9MzewVYgfrzWewK5Y9udLkRiN9LH4mctF65dQ,3.0
71wsekEXHaWmquM4ZhCR4WDLhcLaM3MupoUgiakCRc4v,3.0
C51tsPwkQ9HanYjHM9kuKhiGWbmtP1VDWwbo43tVa9BU,3.0
6ueDsmj2cs9EQjfoLaGoiUKDk6f8yVhQib3EH9V41vvq,3.0
8EndYA8H6DBKdrGJNQ6JqckzZAVPMfoYAmaAPwhC9kar,3.0
8cEDB35SwfpVdD7hrppxN27V46UKowRTHTtwuXgqo3w6,3.0
BGLcqDXMaWwAXfu8FbabngFdyEURKyk3Z72MengPifu1,3.0
FHSxYnoJakvBMGCpoPCF2wvTZQVX56YusHfCfcsvXkSw,3.0
DafQCS2iwRB48xvjYa1Nsxz5wFDuMXq37qCmy4Sov8ce,3.0
2o2VABUDicRrLSzb5U4VvBrnVbtnDdCMowrMg9x7RGnD,3.0
CMACYFENjoBMHzapRXyo1JZkVS6EtaDDzkjMrmQLvr4J,3.0
sSo1iU21jBrU9VaJ8PJib1MtorefUV4fzC9GURa2KNn,3.0
7pfbMTccsWSAQdDSvx6TSy2gRXesjTo9urjVdTMca8We,3.0
JAiLsp5k6ANQAy9UcJC9TfTWieY5Afo42ykihpTeVk8L,3.0
GoatAFSqACoMvJqvgW7aFACFkkArv69ezTJhS8xdEr5H,3.0
XPLzrFwNcjvp6YyGE8hSqVMyrYhqpjdGpSquMYjEuxP,3.0
H4WFWMDbSedjCuicDMk5LZtKDAiZvnTzKCgB53vc8zGx,3.0
2e3YZRGh1UCQkCaSJDM1gStdNLGMuBsc42CLaUNXSobG,3.0
FLQ1vq1bRu4GSHVMPBLi3i54o6aycaQt1HKyJJd9ieVN,3.0
HTaprF98BzhmoBBwCpgLoQrPxDmbdeN71TPANwwLfWea,3.0
1ockKL5chR89E4K576QfJP6jeW9v5cNoPjxKyZmJ7us,3.0
9TY2cQUodhLKMx4S9riPDHUtLs4PWazzU4NmYZLFp1r1,3.0
5FbbEZLRDs4S8GcMpLYhL94Mc7Ft7AoHvaLSqzDxD8dU,3.0
SoarNNzwQHMwcfdkdLc6kvbkoMSxcHy89gTHrjhJYkk,3.0
Hr4whNgXr3yZsJvx3TVSwfsFgXuSEPB1xKmvgrtLhsrM,3.0
ANTJDdyVjDbnZkgSdhi3LNmxNDpaakZXTZ6osf1HWMct,3.0
HivezrprVqHR6APKKQkkLHmUG8waZorXexEBRZWh5LRm,3.0
EUCCGQPnTLMgCB9xAAGf7oyWFqqYhcMX7kqJyrvnSnhk,3.0
13uxuLoQHvpp1K1571WcgoTYEV4Ys5ni7LqjBZiTmNNx,3.0
DJKTUbXY4AbQTbry6Qhi82oZ3xHEp6SRNFR1H2Q37GhL,3.0
EkFwCHoHngUQmfMf4cR9Xd1H9ijgH6gDhg1piFK4CLb7,3.0
metaX99LHn3A7Gr7VAcCfXhpfocvpMpqQ3eyp3PGUUq,3.0
BbSoPRZUCqUJkKfUshPyiQoPamEZYQZfHVkKyFqmqVJi,3.0
7gd5HuFNoJHYskdmKgPicB4roG96zgCnJyqxzQCETd58,3.0
7CdQLeZj3F4BX85nvGCpYBdspXKb9aqqkR8sb9kqTVcE,3.0
6JyaEnm4fnMC83FKkyNt81HGp5EuTQnxGjzyJqXa6dyf,3.0
FJ567q6gzH5PZUTrc6rLRLu3Sw46kTD349Sb7Au8C63k,3.0
7t6mC5ZJ7KH4nK29MMTfkhRN8cBVPiccGTLZjbqyDME9,3.0
BVkr1bDKEvchtPoQ74QmNXSNYCEqm6LJg6A43J1vFymZ,3.0
41NuR2mieT98yDQpXmwDzBZ24sz9UMAieorCr8Mw9C8Q,3.0
ABLpPSv3FHyN6DNBN9Z9nKgxU5AiAT7Jx4q4rnVyPWoj,3.0
SWPhxKY7ponWjkfYCnvWypX8pEMe9hvQHhKo9wS7vim,3.0
5SYZLLeUb8Kbj7PL6ncB27mr6MFigeZy5MH7xYnR7Yzk,3.0
oh4AmKsiCLon6oAT8QVth4o36gWmrAUA3DDYTesCHKh,3.0
PFo38bhqnYn9ntEs6GHN5LAi26QX1tBxMabmqu5LtX9,3.0
AvcL3EMNJcxsdk8SUHbfWvqDbBLLytQ3LqLTsVFC9Gp4,3.0
mcp491zgqqzw9hqfVgEdGbwK57EmKteryFzz66jZJ3H,3.0
6ugaQV7dCxUveYPKeKUPx5r87oMywYPtH1mNofjJahWx,3.0
93BgeoLHo5AdNbpqy9bD12dtfxtA5M2fh3rj72bE35Y3,3.0
6cuqS7YmKLGK5waU3KJU6xLF7KCh6KJLRs6icpYJfefe,3.0
DKjMqfWd8Aa7wUVmbvUFvmTkNgAFHqJpSqH8Zhvw7g2D,3.0
Gov2UZUUffrk1CYYSJu943sM6jAMF31zGz8uJywQKziY,2.0
FtryBRW5XzhHd6Z9ghHnYUM35BqhaFbukM6HUBT1peUo,2.0
D7yC12dUaJka7Aa88cBoNBxik6EQFLNPHiZmASZdPEAH,2.0
opnbkNkqux64GppQhwbyEVc3axhssFhVYuwar8rDHCu,2.0
BRAPmhHpjPoZaDFF8acjG2goT9dCrm1p5NT4B97b4zkA,2.0
DiPbvUUJkDhV9jFtQsDFnMEMRJyjW5iS6NMwoySiW8ki,2.0
HWDrxJdLuqVszPNPj8oK26Z6eiof4qnmdF4d6trKweMn,2.0
CkNQwRMUNfdSPRYNzpHphanDWzFWtf1DjQejUA1KhL6y,2.0
8x75fSnDKgZhv1bpwDnVdAVb8XyiVm84NZfH7PcYNq1W,2.0
dVoTE1AJqkZVoE1mPbWcqYPmEEvAUBksHY2NiM2UJQe,2.0
4SXNDChEjNgwZWkPR1XmnmvNydn2TjQ2dRERAcTeVJ6h,2.0
GV8sJ3rRH4mPX6WmwmqZTd7ZptfkzXdBv4xg6cjCAcE7,2.0
Dx2DtZozqv27naNC5xXyDDaCdGUh9YtTQsMjJ699cbHF,2.0
9j7T2SrRyvPaP8MhyEwRD5UbRbaDae2aFx7bNTU6t4sL,2.0
CnHDC8LRjWeyj8LtucAf3m9a1CGFovhFgX2XUmZoXeJn,2.0
sWvA66HNNvgamibZe88v3NN5nQwE8tp3KitfViFjukA,2.0
AzcK7Dth1CG2PoYPpTAYRymctM8d9xoT3VEKos5kUKrH,2.0
BwDiz4czYjZEiFmvhMJ2r7BnNjVWt7y8mn8taWkM1iop,2.0
8P22k8AsErHdBCrLHGNNhrPikwnKiK9YGwi93q7oaXqK,2.0
PLdJPqJMFszo8XQsF6mKFmBLj3r1xbSG53mqsrwpwqF,2.0
TBCwReYDDw8SvwVVKJHgatzeXKrLHnaTPyDGwkUoBsq,2.0
3X2yrxq47fZftfEskWn9hV4BpBBvEUpyKzZ4pP6Sjtpc,2.0
F4Ly7yFxGTQy7cmH2hrhsWCYxoF9h7AG4i2n6xG2YYGo,2.0
SLrS51D6WodbLt677nG2HozemSnKURuhA4X1QKt4HcU,2.0
HTAXC4T8i9w95yLUxn6LfsiXGeZabMU6Lxc19mcr5FCL,2.0
DELTA6TUp9LSDZoE4Viboi54x2sunagxf1PM5GXqSmm9,2.0
66UpWQYF2djgdeRS8funM98NhtDvYyfMHaSQZqvHPjFc,2.0
5XDdQrpNCD89LtrXDBk5qy4v1BW1zRCPyizTahpxDTcZ,2.0
CAsieqooSrgVxhgWRwh21gyjq7Rmuhmo4qTW9XzXtAvW,2.0
Gs7Dv4Y1FUHwnVJPmF4WRCGZ1y8HKBmd2ZVHNry2pxeS,2.0
CrAFTUv7zKXBaS5471aCwHx7mq9Jp1eQQB5FQgdiSLyi,2.0
catZPxtdD9GRFEX6AHr3RdCw7Uzwkg33bevkfbEBnVR,2.0
AxHe6gf4mEpNXdMTNg9KFc5finLqL6Hg9PdYt1PHcqiB,2.0
7bDG1wTCrCmCiZWgET1GBWvNMiAmhALPFotqCRXWf4bm,2.0
EF68PJkRqQu2VthTSy19kg6TWynMtRmLpxcMDKEdLC8t,2.0
Cbq8bFSvGDjxmqEfPcxaujgfW1ZgggzYgDwcQRNY4jr,2.0
HEvunKKgzf4SMZimVMET6HuzAyfGJS4ZMShUz94KLUdR,2.0
pods1PefbDPuoPMDZZ2GPM26Sobag5wdgBZFqyAJRZe,2.0
roundAsiEM445bGEp7ZwPWXUmWAHh6rpLEndJUKP1V4,2.0
Gco1pcjxCMYjKJjSNJ7mKV7qezeUTE7arXJgy7PAPNRc,2.0
HkB8FbbUma78U7Q98popMSFhvCdDuTf5HPrk95u6oKSK,2.0
bond9Nyue4pQu4SyaqqfJfRaVswMgeRvkHscq9pKptR,2.0
4t2J4eZSAQgZZPXynFtSpHFFgqf36EqdUS62L4cAnSk4,2.0
HtWvSQZo6bcXx3iThY6psid3wTeqfiTbJKDwXGAgd1yX,2.0
PrxycsFe4LjPPK4RMogYGD3CibHce9RbQ9vdzwmHj8G,2.0
PigQb15gjToiDCr9HeEhTTXSc5yY22pJ9TF4nUrRw2z,2.0
RAFLmF2EhJ5r7JtBqg4Abm6xedkkr6vyG7AyqZ15LJh,2.0
8W7YwAncKDYEfDC9TZE96XvfrMuwc5pTVJkv85VjBJk5,2.0
4MJn3vLQyVhwF77iQ2uF2iSLDE3rWT5mmNw58SDtz79Z,2.0
286qZPcb9wU2EUcpWUSkaj5zf73xWte9keaid2W4jtBf,2.0
DezoARuyxHwyg2bE1zctEHeH9NzJk3yqY7gydHVdtGuX,2.0
8tGJxyEACcsXFBn2HqKb796WhjMudkKXyc53pvPqoMHm,2.0
STAG3xkFMyVK3sRtQhipsKuLpRGbgospDpVdNyJqDpS,2.0
8DJ8V9CzZ8zFVxpFpaFW5q6QnxaMsJnYCKLySnCeX2ZV,2.0
CS1bfNkEunYESED7b25iomrESmC2yUqHjAyxpAEyjmA9,2.0
HLKxCBtdaxiQr9b1KGXP1dVJMV2h3KBKLqTgcn2CKRUz,2.0
7LVRdi61Smyr6rW1DtWZSkipr6jBvHPxPG1cQ74tZLWZ,2.0
moonjhTbA2rfpwgTrt67WqioRqoQ3XX85hCdYKkSrkr,2.0
VEu1A9B1wErPiFwRpg8ecbrQM1UgGAYHwGSXUkLwvYt,2.0
3ao63wcSRNa76bncC2M3KupNtXBFiDyNbgK52VG7dLaE,2.0
C9rHADPBPAbmhqR937XvgU1yhBGzu1zPqozgEufHEM3W,2.0
94SLQK8gQ8Ng5YTx7i7ug2eds7eSNCoctjSANm8LG1Fe,2.0
GrtyeiGjHaLtoFDTkYFhRvqMmD8B3MSKKbi1Tm2rP3iZ,2.0
5VDLbMdPG9ahXs1seGyxrCcp8A24aqcFKbFAsmehvurj,2.0
3XeZoQirC8ZvHJn1Qy875g4Z7GFoAocrrzcjgxbfm22E,2.0
Nqd6XqA8LbsCuG8MLWWuP865NV6jR1MbXeKxD4HLKDJ,2.0
stk8xj8cygGKnFoLE1GL8vHABcHUbYrnPCkxdL5Pr2q,2.0
2Vrty3Zi7gDipN6wp1opS1VW1axeaazJ5mg5xRboK6io,2.0
6kDvzCzq8Q3u5dBf44fVKTikh3QnKVsw39pmvyrxihCt,2.0
9xXVvfr2XEikR7ZFScHtNY2Gb4s5jKTLXNTnTtux99KD,2.0
9w1D9okTM8xNE7Ntb7LpaAaoLc6LfU9nHFs2h2KTpX1H,2.0
CRBNZ9mWZXkgX7Um6FsdFMGFHfeNgfwbyPYtuzHxbPWB,2.0
J6x8UiCrdEER72SeGQuYgvRTseRNJ5mtxrUNtiC28dZW,2.0
DkPByb2tiqB8qTzVREw3x6DFddiYroFS4ptT5AgMtAAq,2.0
DHeEftbYQVaXwoVW8cRnLeS6XhEwVCQ1S2juQKxCPbgw,2.0
3kq2NvhNcdciA7tvJ9Ah4cc5rnYkFCM6xyiJ6o6hUcF4,2.0
tfre5zcihbycEcr1xo67saNvovdmXhQFXPM2obQqRjP,2.0
mxt1VgvZVwPxk6aBkPfTAdRXo9kckwXFD5GWyMLjMkP,2.0
26LU856fqQXuGdWdMuqALMVeeazCvbGrm5v7oDYBdzBc,2.0
BGWe6GxPSaQWV8zyzHf2rSHeRiPSr9eu6fGg28TisRNv,2.0
smaK3fwkA7ubbxEhsimp1iqPTzfS4MBsNL77QLABZP6,2.0
7Zaeepquym4PgNixKrNFfYr8ijdZoPyDaSY6EhzZVpUT,2.0
EA15T2W45BJFm71XmB5VGcsiWGKZTNfnK6aCmE2Hb5eC,2.0
77777uXmG6tFudVB2Vana7NfFRomwE5yerhuQfzgjnvR,2.0
4H3WWAz5vf1kTXZ1yJrs2Ea5rgCUY7hXEFevG9sxpD7g,2.0
Bte42WiWWCy6uWtMqRZ13er18p9Kden4a29DNrEUZ8sh,2.0
zCqMotQEKDpxkbv96kFS4p9XcCN19T48vtumdFe1GFd,2.0
HgZHDPTnyCEhkxE5gx5GUrfYf3WU4ecp3Ky6i8YdtWFn,2.0
DiqPEso6EqoX62T9j9peBdWQYdPb86tzGE7yZ2rR6d5B,2.0
FARMTfoLHaQeoYgK1tP3dgC8emwkMtfxyg6ZTS7iMhgr,2.0
BanxKDVfaP36s7i383eQA6YUgMTB3X2LNjLd7S56EvKv,2.0
BwfReFqf9tN7moBVxt4E8GBxbPi2BLSd5Q6vdi9NkbXG,2.0
sujDnCZxK6BjW3CsQGQDYem37biroURuDsREYtEEvTr,2.0
GaQBTopofPJvgoLjVCmSmvsuRwzpkdtfzG7dDpW7v3Mj,2.0
8e9NZefQowF1ViN4eiz8r3wgKw9xLESGkkQEZJWox49o,2.0
E6Lvg72CfioT51kYx5KhhUutNLtju9hbcJcoWEV3ThH9,2.0
BF3AftDw2QK82xfrze5bqcFSs5qw5zN4GvzgQgWUPwJr,2.0
ExMuFdSFp8GKGcT2TmqzzQQ6BcxxCuEGi5JcbmUBbxfK,2.0
6UeJYTLU1adaoHWeApWsoj1xNEDbWA2RhM2DLc8CrDDi,2.0
7pnQvxA474Tx3dVAhB9DBSdZuXTfKuRb4oLGCARjwK4a,2.0
SharkXwkS3h24fJ2LZvgG5tPbsH3BKQYuAtKdqskf1f,2.0
BuQrcqRNgUXSzrjGGCSgE5idt6ihfd9E2dkdmsWjwGtL,2.0
3hzutoeXUoqArh8sbAHaTEBjAo2XRembJBXQn6rtV4fK,2.0
4PJxqSxpNQd4sEHK9vudky21w4Z1wkA7YLF5kj6zvs5R,2.0
ZEEJ7VnnrRun9HJY4bEdmh3gxvuLjx8coEc8U8Vryd5,2.0
hgednk3XtQcyz8wFSEAN8fzLqupQB4AVor1NGbGwfwf,2.0
GJ82nHsPWrqgciqXbNvL22oSw76jiPrNCkYuqgYgPHpC,2.0
D2apRWytZ37gDVge5hJBXhErwqu8jLa9ihYPEuHcG8bD,2.0
dES4Qo5p24ABBYCgPHcpPGYsiapu9mXQ2x2iPv5VPjX,2.0
5SsdKnNJHXjz6epXwowuezuQHyaZcxaFbtG6mzhq6SVd,2.0
ExQtxbTWA4v22PzGpeLwpsfF5HnwtdDaCBR1So2gArGX,2.0
BNFTxrq8kaWbMm4CAeP4cnuLeVY2oh1NAsH67npjGs91,2.0
3ZVntpabyX5dh71gHeyEHcqUhV7Gu3irUT25tm8eQPnJ,2.0
VESgQtnAAJArjo3NFDqfLEsBYraKqBfNb9EFwuJQAYF,2.0
4PFkGptbEvEQfGH7Vjx8PVH3EfjaWedhHvXU3PE565rJ,2.0
GB9N4HHYHnkdX4usu61JyzyXqCRn2tzXeFopHrd6isqK,2.0
EPPdpwS6B3tDrxZxZVCZWYM72UCSkokMkpHJhHTdWV8o,2.0
mangooCbcjrXf7SCK9Yk8HaojZbRR42CPiGuY3V5wnY,2.0
E1UhfWQYVQP8BfNcNMuPM3j2fypxU6o8JsCkAmcSy1Ui,2.0
war7aeQtFF3GnqbM6nVQqeRqefzcwMu9i4662hTHjmb,2.0
J4cUhZvocoicfrMGdtZC2yraC1x6kjw9YntBgudp6W9W,2.0
8o2q98uPmGBKxbg8iUQCPRXfykgWGBQZkgudF7Nz4o1p,2.0
13ARuHSFmCvrGxxqFH4bLkfFfj9SapNWBNtMCL2gm82d,2.0
DJE2QzxNfgZ9mhGh5z2zPR8Mi2NUjqZ81poExgv513GX,2.0
GEUwNbnu9jkRMY8GX5Ar4R11mX9vXR8UDFnKZMn5uWLJ,2.0
9uReBEtnYGYf1oUe4KGSt6kQhsqGE74i17NzRNEDLutn,2.0
E6cFUqjsxifejMx9pdeaHKWKSSyfNpANGe6cAepWjb5t,2.0
Bets7kvY6TJTcqbBsRG1tqi3B5byM8hMHJkwUzGxACmv,2.0
mERKcfxMC5SqJn4Ld4BUris3WKZZ1ojjWJ3A3J5CKxv,2.0
CWpNA9VfBVUVheDVomTzwDgkcgp2rKuH44vH9Y8YMudM,2.0
7EAGwzxAHzWhih2NRDaxYLWLSksMxsJhPnYUQ9zVbyth,2.0
4adD2DpsCqsVdDCBHo9DxHqmqqLtsuVZv5fUE3y72hYf,2.0
GSPdxN9VGEKb87Y2ag98z1oTkHwXHXANEcHewgLHskkT,2.0
HCQrNfGMs4NCZYkd1ATKTfQabza986kheiNhrzteUeSD,2.0
Hh8ht41kz3GSEJ76yaNZ55svsh5ZWH4bfDgRR5KqJbC4,2.0
7ckPrmgYPpfiB2QhmGayTPNx3xZXZLSjVydYzdZp49GV,2.0
FUjAo5wevsyS2jpe2XnkYN3SyQVbxAjoy8fuWrw3wjUk,2.0
N1FTSwV4sLvYzPK1wxkeTV88ycD9m6vUoSVV34wkf7c,2.0
5YJkHexPYtMJ9JG5XtSVoxkt7wW1P9V6byGxsV5XU1k7,2.0
Fq6aKMBQcNpL41JqSgkx2zoiyL3yFaTTtYfLbZLvM6pV,2.0
63mMd2cKHvPCaPQkoicXzKZs9aQVq3MBwEfaBJ5Rkgbn,2.0
BFTcsLzzBxm8CmWqbhLymsvjV7cYgzAJFUySr8KGjpMU,2.0
VRFzZoJdhFWL8rkvu87LpKM3RbcVezpMEc6X5GVDr7y,2.0
D7TJd31WbRu16wVXWcwcuyYr78HWrKchiU1ppawCaqYH,2.0
xxH8zEJTcwf6gusqtm86GXwuVBFTcsd135X1jcvzK3g,2.0
predAmLng6SBHjPNmav1z6USrAMdLv3GhQkS1o6xfjo,2.0
AqCmKSsb2ttzWPY4KgbLNejD6yXXLzKWWG46RWE7XKr1,2.0
4Hfm9t8JuZZRJE5q4ds2oPP6ahA5A2iLwx3KvFQPJRC8,2.0
SSW7ooZ1EbEognq5GosbygA3uWW1Hq1NsFq6TsftCFV,2.0
CWbYnwzPTcT3cv9VZCbN9KYe4kSniDYBMeK5SfyYYWzy,2.0
FQzYycoqRjmZTgCcTTAkzceH2Ju8nzNLa5d78K3yAhVW,2.0
GoZP7NtZth99b8MC1rbyRciBN8ZWSgtoEDo2VwcQ5qX6,2.0
g1dMEcscZhaYcsqwCrhHRcjp6LqNoizhNuEJoL18qoe,2.0
fee6uQpfQYhfZUxiYLvpAjuCGNE7NTJrCoXV8tsqsn6,2.0
Gfz4VD7NmjyxeQexzLtwqpxUVkXHGQ61BTD6XUB5j55x,2.0
WBLLWhgubSj6W3yhukATJjE7CeKMwJFCaHGkteqKsT7,2.0
EJzscwPan4ddewfGLZ2uvHxRxfprLyiJZVSiLztNtnbP,1.0
ALLGnZikNaJQeN4KCAbDjZRSzvSefUdeTpk18yfizZvT,1.0
1NKyU3qShZC3oJgvCCftAHDi5TFxcJwfyUz2FeZsiwE,1.0
FB3A9sVo2eYcuBnZNpvXJxkmtrDU2dBQPWiMbqFPQx6P,1.0
8paNz9QEpU2PAPaZgQkm9cS6DLLkAvh3Eq6SHUq8JcEC,1.0
AUYtVnqj6KZhFubgq37g4uCwwmWXLozG2TKw6C2YzeEq,1.0
FXipdLYRXcz9fRvb5aF3QjtFjqJPfrMZKDpr51KGYPSs,1.0
HFZYzdJjbJnFxCWFFn6DYXV1YvQmoJF2hEjXz8McR2eH,1.0
29FMfoCscLuXHuzjKxkGrokXFc9cTdbqAHDdSEYHnJat,1.0
APP6sVJA6zKhnxVfTdEvkvHN9xGUNYxYZy3nQ6DePEAX,1.0
dataeP5X1e7XsWN1ovDSEDP5cqaEUnKBmHE5iZhXPVw,1.0
3e56P7vB8W83SXmf3DoWD2TFvLfyBwtK3EXCt7P6gVhV,1.0
Eep6CLG1Eih328a5ezy7SQgs3NoEVdy345vyXsJAgPut,1.0
B9J9SDcXLBwpRq9JS9q9KJtsaYsermtddMeo9LojTLJQ,1.0
graphmieBkazqwUYt9HJZz5FZmGVngPcrRwCZ4PWGGE,1.0
6aknmDmi9cQCvJdvAeYMRkjT9qDMayPw6Au49LyuyGeQ,1.0
BGLeJojGD2RUo45s1ifTmD6Z8iHGnm5ibbTR92dC3zZj,1.0
EteryesAAv2k4HkYcuqsCHgteSFhjBRNHx6nRxmRsf6B,1.0
5tu3xkmLfud5BAwSuQke4WSjoHcQ52SbrPwX9es8j6Ve,1.0
XPPLrrCErr1yxJfgRnpGJXZLCxnAbCncR7dVCf144Rh,1.0
35CcyDbqLmvXouQ1cL37n7enGGvXhkMt297axdCv1mfg,1.0
GJfYXW8SU5GMFfFKpXTWbCfFM11No8r8VnsiCNQUGW5K,1.0
3qCUc2TGsHFw4o31hsYjWCDS5Wsci8pBKLfuMBZznTrJ,1.0
stx63iZnbzcyzFkkAA77bhfEihcLJMBMreHmu1UWHY6,1.0
7F7zr8aB4NFkF8DDxNstX5oU8X9w4ohgJyEqfXU5dnLX,1.0
8TJCuuqXNxqGHxUnWpB2woswmMZz5BG64rPysvWsQUnA,1.0
4BXHQCVbeyEvDgaQ4XKaMuujCB9WKjx987jqVh4NVPCj,1.0
77CPrWXAia1voTFD29wrGB7p587pdUoDZYUHADtCF1nw,1.0
GorHeftGGWQMJ9mVYWcxtPizNfWjX2BqC4mprKhVNe8k,1.0
E13jNxzoQbUuyaZ9rYJUdRAirYZKU75NJNRV9CHdDhHE,1.0
4KqGjM42Ef9pdkqNHYWMeD2VJd1xrwjW8AFxRPWJwfRk,1.0
9AAY7sp8wrrCw5LJpdsm6x7Te4bYC6iUKP9zi1TEFnxB,1.0
JPALXR88jy2fG3miuu4n3o8Jef4K2Cgc3Uypr3Y8RNX,1.0
Dj3WtDk7CRz64URJzmBjARpwBw7J9wwzm6JLdd8j8CaP,1.0
swpsParL467gJdosZgCZKHcbbG4R7F2uuU2gurjKqsU,1.0
HzCcUAeAPHYAcuF9WomaS29Jou3ThMTmabUzWVA5fJzD,1.0
4X9mF1yUx2ez6ifYCmr2aYJnX5DkKAxbu5QD93s7gooG,1.0
JLYy7LzTpYjeoyK2zvQSZ8TFSCtFiswCZ9QuD91n9Nk,1.0
3TRsPR6PU3ZnvCQWqrpZPWwYkzM2kByCEJH8PM1Bj6Pd,1.0
6RbyCnsuJLePCaui117wFcH2hGYH9Nn7piDqAya8DQQv,1.0
7FN8bxqF2XiPJ6fKDYDJrvXfqP7BRmp9Amf2g4DQTto2,1.0
LVLYTWmTaRCV5JcZ5HQkU1bhEjx34xqGiT3eWU6SuX9,1.0
6d4uVGGTWgdCxMhzLh3qSJbQmYEiZ7rb6YZpqwVZpJoy,1.0
EH5U1ysuQUKabBwtdx7xm63CVGSddC6iNd56EgqfHhDq,1.0
sp38CXGL9FoWPp9Avo4fevewEX4UqNkTSTFUPpQFRry,1.0
FzuVV5WeLyWHDuX6SPbeLgqkvePDTzMCRKYAhDbiP3z3,1.0
ChswRi4iaK2RAoUqyzyhbyM67rnMPhuApNrdBG5vmbxA,1.0
DRYjzSau4aK5trsPor4ZvsA287JnqcUiYSmYD3qsyEtC,1.0
5gH3r7GzXBdLf3rACP53RNewjmpTBWfv9Jnynok6X5ui,1.0
AoFwcQnifpNDKrZeaTCDBNuvciXq5parfUJuhvojd5x7,1.0
SysExL2WDyJi9aRZrXorrjHJut3JwHQ7R9bTyctbNNG,1.0
a2orghRV2Bj2fyqFQtYeBZ9972raZyrvXVf5tQ9jYMK,1.0
3gbCKLUwbRTeGKP12jvPFDP8H3jWPVgAeitrMG92k4KH,1.0
5f7ZLHmrtjpiCjM2vhSfbewUyDPZcf8x2RDRYJnyMXxg,1.0
undprgWVZ2yCw5UnbjsSg78rE9vUZmYdEmmihCJNUiD,1.0
6gVqqXEwoTX7AZTBYQDEaXntMiBPnTAyBbuMCeqk5avi,1.0
3aKHr9wE4WYsazgx7armZSLe5CyYMBNPg9NXN8fKCX2r,1.0
CSYvaw9yufw42P2ENURtHYf3ms8h1X9sk2vfufQeUVef,1.0
GovHgfDPyQ1GwazJTDY2avSVY8GGcpmCapmmCsymRaGe,1.0
jgMBRqzeUEUt4ZkewL4ssEHi2y1tfXp9MvZGkdE8TF3,1.0
EGgStVgDYKq2qXWDjjoMPMHeAZCLYFRHco9qxgvkCAmC,1.0
8F2VM13kdMBaHtcXPHmArtLueg7rfsa3gnrgGjAy4oCu,1.0
Aui35pLMPZQY6pUfkjVKVHuHSsJyCwQ8pWPKx7Ra19Q1,1.0
HkWiwJQZuY7vYTrdHcJpayxeCG26rRoj5HtRAgadvLzr,1.0
51ArfAv19ejimKHfkkARFyiWMXmxkxRWPshcn8riSDdi,1.0
by4ckpxnuRbFWHtK4utykdEm4hDuYSj4bQ3BSQHvt1A,1.0
sNapzfBqjcLTpHo3LuxTvVjqrZG6WUXdzehF8kPihZ6,1.0
1NCHWmQ39XfQuRLgGihckNKXcm9LXbq5EnPVwPptLWy,1.0
kZEbvqfgeUPTdmzZzszW8Q6rZ8qvaRE3nV8zqfZHzA4,1.0
tugLiwCj74Nb5uNqtVgtoQ3x95Jhctz2RDRdLwmG9dF,1.0
HKPk4JUeJqcwEL2cyWG1U3fs8u5HPCVyffiK77prkRAB,1.0
soyAkPoxpkWDwNgw5oWaeUgFexdwNs6FxNz4Boqyc7R,1.0
CSwAp3hdedZJBmhWMjv8BJ7anTLMQ2hBqKdnXV5bB3Nz,1.0
FameWUsiEDgffb9iXNrTxqJ1NTvbvPpRXwv74TkKxecB,1.0
9NpAwDoXxmEJ4oC5LXEvZTTL69LhvJ8qt22spSGeEEre,1.0
E2wXNDSAK3jJZju37MsU4z4o5FHN95rRa5cNhSwBi356,1.0
DcG2PZTnj8s4Pnmp7xJswniCskckU5E6XsrKuyD7NYFK,1.0
JUPwiz26hv74yVv8CytLtubDLP5KDy6uqqGLa98YEsX,1.0
FgPgDVEErD5sYbM6WjyqFApbyPLZ7qwBdf8w4V5yfbfn,1.0
KUPazgysJwYJY8oRKuFetEnC7EbT2nphc6qqsnu3BLD,1.0
6VH8nQGw7sbXazEfCYgobyZqnf3sVcFcxQ8cMmvJ4Deu,1.0
brick5uEiJqSkfuAvMtKmq7kiuEVmbjVMiigyV51GRF,1.0
BMfi6hbCSpTS962EZjwaa6bRvy2izUCmZrpBMuhJ1BUW,1.0
CRDx2YkdtYtGZXGHZ59wNv1EwKHQndnRc1gT4p8i2vPX,1.0
C6L4yyXXCc44SVXvUSnijjMgmhqxAStM69qfd7yummZM,1.0
AmoLL9aGvgSCp6AypA7xBomLvmwwtb5ThtSwsGEcASC3,1.0
GK5Sw5Dzf6ocz1TWFSJwJ6BFqYQSFNtVuWVCXvJFCj2H,1.0
4p78LV6o9gdZ6YJ3yABSbp3mVq9xXa4NqheXTB1fa4LJ,1.0
spagWREaTaWQspvF9UPwTLLzqYGe2MzMKHvePcmLaPm,1.0
Cz28wTYMiGovXr3zCuML5jtcQTcLoebKeZvYzn3bxwX9,1.0
PRxyMNsytgwVVEiDdKoBsB9wRUh1WwS3ZCLqfAbcFF5,1.0
2DeU1WhiH4RqP5PshU7H7vLYWg1vpM2WkQg7YnppDNWz,1.0
FJBnyAg41HvhQaqzMfr3NA5cbwMuA5xzzsqSuyfvVqDE,1.0
GMLnJXDyuZxDc98xDVgbL6nbSLpk2iW8zLaUCvLavyS8,1.0
CPLT8dWFQ1VH4ZJkvqSrLLFFPtCcKDm4XJ51t4K4mEiN,1.0
JUPLdTqUdKztWJ1isGMV92W2QvmEmzs9WTJjhZe4QdJ,1.0
2yZ2tb2PsF27RKFkgoJ41qLADsUkdQRTUx7fhBzVfG8M,1.0
A8q3F93JH4VmLhJ3aTKH5wAp6y7MzupNbzqzPhz4J4dr,1.0
4X8axt6W2c9JBnS23x1m8nyBaoEa7d9M9E9FXX1eWACE,1.0
Fp9XxxXVqsKRhmJ3GiN4KGfe4RTfV1PQVN9tau5rgehZ,1.0
75AzNv41AypKc1gL1Qq6YxN3TCuP7ShqrF2RHFXsmYFJ,1.0
BntnCsEX7hEm5PKGRjghG4HEwkkze9p5tqd1yrSVk8cS,1.0
GwxWqbaTMkbnFykHBGncsaipgn3JCh2jcXzejK5oQFoy,1.0
3QgbVaCgZeHGFkGi41qsvfowEY981pscQryifomwoDgq,1.0
GjvRQ8ufmCEh76ntiE2X6ELNWHrjRYSDzyfLTRJZo6ox,1.0
FfDixGHn61hgFEPB7ojHN1nmT4yMhiXCM4nVMHY7TVvB,1.0
8KuJV2gbxAXnyhm1Tu2LLam3gJVGQevevKK7AaLQrgBE,1.0
6QauzwxCeXSApRtKFggCk96pKQVR62QFUAP3EFWtBmoS,1.0
veTbq5fF2HWYpgmkwjGKTYLVpY6miWYYmakML7R7LRf,1.0
4vDLe5MvKt1dtLRe7CpyUwVz8Mmt8FQ3GodAwZZZej55,1.0
G4YWJN8oWKLi3DRbfHSQNHBzKRMofU9qNSjPct4P4HVU,1.0
propFYxqmVcufMhk5esNMrexq2ogHbbC2kP9PU1qxKs,1.0
642Bcbz7eWhv8fSTZw2x4BR9EpjmrZpWXjQo3B1rCbLj,1.0
FzVB8Ad3uPmJSELSbyrKKPt5c5uPZELAashxPv4ZsDTV,1.0
44xDneVjSNbSrRdvFVpJqxQ5Rg6CnPKniXezXc4Rhu5i,1.0
3p2ciATj9kchGotTBzMubgK5E46CUfrhSF8MLzxjHxwE,1.0
3xMSUXninFLLWTrsttfVaGVGnPqnipYGzegSwxVtsFji,1.0
P4f1RuQBNrKMWR5LDGaeNDi28hmendtVDtLHaVnZKfc,1.0
GaK9khMjEUcFszCnL2AsueRgdT2JYU1yK3tj9RHETpi4,1.0
8w2oEVNHCgVGsLv2Ynmrs4vuuuMssTDEGJQr8DF4Xcpd,1.0
5TBXvnZbWwad7pgmPqLpKFDD8CkKCAhgNkytPd8224fJ,1.0
BWZYjLGYZNk4WXLBk53D5XG8QP4PzGy63jSDSVPjVmmm,1.0
Govz1VyoyLD5BL6CSCxUJLVLsQHRwjfFj1prNsdNg5Jw,1.0
7GccKbCuf2bsHva2fEnpFht2Yhf8qs1u49bDDM7nxz95,1.0
5xDBraAGydQJSS39NSym9W9DN1RK9nCefGrepufYdcok,1.0
DKAxZuf1gggv26Hb7jfnvmUt2ztzmX96bZ1eoDJDsuuD,1.0
C2jkXTRpHL1irJRRLBuA5SCMh3efaFHwfoqt3Nt1aEwN,1.0
FrNRxYDcLWpcjUothV2NXnoNM372yep3BjPAc3HRXTEv,1.0
Goats192jeQq3r2sn8pe69LyJtisLMfEoq8LyDienct1,1.0
ySgUTybvdyUvWvvrwFDSXFtswtjBn6R875WeNbxCief,1.0
BXt7WP7zPYiShMuncx5f8jMU37pQRAERYwyr1mPF9gnu,1.0
RopsJ74nrtcsk9iND8CFFNjn5mxf1tFzF3RhMPJ3CdV,1.0
Aat39QyKqj4bykxoPpSZmG7ERS7DNepZCb9RV7tdG9Zf,1.0
dRafA7ymQiLKjR5dmmdZC9RPX4EQUjqYFB3mWokRuDs,1.0
QkRFzYoabWa1uyrj15Jcj56jCNCPj7GBsELQwmwPPzk,1.0
8ySRF1aUq5CDVxGhrh62s3uW5v9kZxw4xeK3uaB284KB,1.0
L1TEVtgA75k273wWz1s6XMmDhQY5i3MwcvKb4VbZzfK,1.0
DRAWeeJdvAdJTzPRRbAPgABUuKziyH3C4pbizHemPcAq,1.0
QjMzGQ5zo6JtMgBZ5dBXPBLRtpocL8z2JJxifcab7kp,1.0
WarXERNWipd7EgoTJSTsJZsfbJUnWtXrP6e8C8PY5a3,1.0
7jNCfXunFGasaTWEgY48SswRDmELSH6DQTJdooELrr2d,1.0
7iwbj4sHmLCf3mH3CTgseoWCLeUufZWZbrEbTosRXhyZ,1.0
E6DAYSRS6VSkD3LNodJjcZiu9CyMmcMSazx1NjdRqw4E,1.0
H1VEJ4H227wHmw6wv9TBEyaBy3SD274uR1NWAtQmoDTC,1.0
BzG6jY98rZLg8ArCuYmuL4r56Qq74fKevSEKHh3zhyPo,1.0
AARTcKUzLYaWmK7D1otgyAoFn5vQqBiTrxjwrvjvsVJa,1.0
187MpEKMk73CsT3j4euoFV8vMuxX1MiZ7ymA4M4SHav,1.0
pAMMTYk2C9tAxenepGk8a1bi9JQtUdnzu3UAh7NxYcW,1.0
b6ZPysThkApNx2YDiGsPUiYPE7Ub1kTRdCWp7gBkzbr,1.0
796dBeoc2w7JeZewT6nPCNLkfGTBkPeLjY55sSU642R7,1.0
6JAn1sUgFRAmgSxdnAcpHdsTNgvQ4PYxVz9WXZ2YVohq,1.0
Ec61yL14zgqyCm5oRgJt1PLb4xm14a9jsjeEbAMRg9kr,1.0
6KUg8d7XNwnMxqHdPz4fjtsRr6UpqVgKu7Hfc9bnyyyP,1.0
stgKLYZXs3zNWM7NKpTdUdCbcfsLnML3vaWq8i8KxUS,1.0
3RAoAMGHb4KttdCGUtNDg9NfAmwGJx1wtTEeWRhokkMX,1.0
SLEXgbqJE5eJEr47ALQjbBHN1YdFCoXZRHn1AwRr3ME,1.0
AyJBbGQzUQSvhivZnHMDCCk6eSLupkeBh4fvMAD8T4Xx,1.0
CcW74yS2CNLN7VUEccBM3L5QatdJYbKXtvKd9x4DUrnU,1.0
GEvvRk67iniRpyYgeptxJdSHm3JBiQB757WtUrRm4GAd,1.0
4DAfemZXzvtE3YyxCKw393a68Y57CYeTnq6nPx5WyzCF,1.0
JVLpL9zWvpzKh74X4WMQt9JbfJEdK8piJtNyFwv7ZTh,1.0
RBN2XNc6JQU6ewFp9TyPq6WznsvNuumzSJkor1nJFcz,1.0
CEqY4CyCYn2LDLerPs9riFZxpNKdziPztLN8YiJMcR8i,1.0
Gqjr8NdrykXUrpPFzZDzsHDNK3NUd3gNhXzgzAvXK2Nh,1.0
8dxoRDgyyTdoQMupfB2nf9HNeey1LtL7bZhC1ZgfnDyE,1.0
nTtPcmsVY4f86cSREmnio5tUyiK58HBqBeDwaUYQt6t,1.0
EkDHzRjupQbP2YayEN5j99D1482JbPxWLTz8MxzF7meN,1.0
187nPLDmk7BadzAAKrzP8y6nCKLxFNwKR29Re5vzx2A,1.0
4DhSTLsg63BqUcU9ZD1gouEh7S5Lr1RqPFHTpUeKNePV,1.0
4LeozPwBK91XL8NAWUTrVzEFajjsPPfbJ8zomVPia5ee,1.0
mkt59DL1S91CcGPNhgPT2pq7fR26LcbXBZtdDFQhYQX,1.0
2XhbaZm4p7comiMYLE82R75CQB6QNkqvkxLPKXQFyCp2,1.0
DTXro2eEVmDw5DVAKbbsUkRsgB2FFwWQ2BMgeyE9y7vq,1.0
MiNESdRXUSmWY7NkAKdW9nMkjJZCaucguY3MDvkSmr6,1.0
hapiAwBQLYRXrjGn6FLCgC8FpQd2yWbKMqS6AYZ48g6,1.0
6MXRX777wGmNkWuAWKjHa8fvXwuor92RkafDRfEEHHA1,1.0
SMPLKTQhrgo22hFCVq2VGX1KAktTWjeizkhrdB1eauK,1.0
Rewv3coebx3zMsZNt1ogsaQhJoCix1dTYMnzvDJeZTi,1.0
PkNZ3YjzrtxV16wdfcZPVKaA71dp3kAdhyHb72L2X4k,1.0
FoxiaUVUpXgs6fuuBtPzvmDUqxYdFLHHtZHA8c82Cvs4,1.0
AdtugN1JEE4esw19izQHVMGWvamDJs3oMHtjFwrcyBMD,1.0
1NnBDnDDP1PttKQRQ98GefgiRBYYRC7wfuy34NJBBdU,1.0
7rwGqrXdomeAdY35DPNpm5CvMFviQDSRv73eMYMG5XWv,1.0
ratnSpwdsporDA6rBDCnZzi5BvuoGhQy6hqzeHc66QE,1.0
jDeFipStbGiKTJQGLEQRRA2HNeqjpXKoqgGeM9Fg3XT,1.0
UP2F6v8vkx1TEb9Bqyjq7fHBat4BeDBimKDQrcofFfE,1.0
F1x8a9h4WuQTKM6tfi9TeVqRMRRaFKfbW7SiNcEcCtPs,1.0
7VvvT4K4UitksiumrPsgpSdiSniecmuhggNJJkxcWTCP,1.0
Eqsv4KVNu7tQirC5J5jb4ZT1gSbjUiksSye8oZyFsVc4,1.0
FF2UnZt7Lce3S65tW5cMVKz8iVAPoCS8ETavmUhsWLJB,1.0
DMfSEVwsYprudJmVekpJn9n84mYAYoUWDid9oTjeiRVn,1.0
3wkXZNm21RmMcsgCEMdK5b8Zv8MFQMqmFS3R4miUN8B9,1.0
RWeeNryUUggyiSrSEKmUTVJ8Rq4e27ASohNx9kiPygB,1.0
BLDhXC6F81dzQryJY3oRVTfbRQxiKcbJzNJw3xfNm5Nr,1.0
4n1ZDE2VhqwZpL2GA5L3Tv914tQMqR7Z1zxYpi7ShnyH,1.0
5wGrEtvtyjDukmJNpy4eGcDPG2dBsm36JcpDXiRBaisg,1.0
BtR62EkmumJNek65XvGcjYeWdSER1BjMSbfpngB5URnL,1.0
AqwtzPZxUmM6KoDCm5ceC7kje4DB2bLPRjKVJ8njCjKx,1.0
EGiD7cSQ9husfdpUdAvyTX73zU3u64bqhbYchvY4H7Zy,1.0
CUs8d9YnRDCZUvH9AuobxudMG9YPpXuFeB8UiLbitTgg,1.0
3qsRXgwFyLqAwwiqzy9fPKwHC9srdVWPK69TcECYo7Av,1.0
9X1uDdEsKpc7s1WdZzmfzLG5nhnf2KuE5WpaDaGjGyiG,1.0
GUPcx4TwtnKEmat9e5CHNwfyPvyiMo5sSvDpqsceLM9q,1.0
H6NXkV3R6KSVXwKBDq69xt6oFYVZhRtUGKdpZJDbuwzS,1.0
Cr9RHq7NeBUuHxCHBL5tBsCbYnnSnsi9Hhma5dJ7GMew,1.0
3RDjfNqCyetQ7GcXKkMko1qh6BZiuDxrHeo69F9kdgPD,1.0
8u1dKc9eMkfsVAsKDDH3EkEMkE6wbfDPWFQjpyDv54rF,1.0
CTniA9cmfobHRaTq8cBawE9Z9VwYAA1ifgRXMGZxVRfc,1.0
8Pux41xQojMqKF4p1dZCYoELxiNuoEuK5yECikqkB9r6,1.0
KLLQMEV62osmdJ1KRFXWEqhk5BSxU9EVRebefPu3bAK,1.0
RafLHZKMaDU6uwPo6M6KdsP1CQ5BhoSugy9wYAQLXnS,1.0
upUcvW7nF6ymrAFKborbq3vrbdpuokAvJheqHX5Qxtd,1.0
DMSAbZDLggT5diDmY2SJi6f7z2EGeaTFPwWNxATS9YBi,1.0
cgaKuKcLZoQ2F3NJfoWsjtrDY6gJyHFCHydMGUWRgVD,1.0
moonKi1FYsaWQnmqjvnLTXZbDkwpEzzCEXtnfo2bJHC,1.0
EvmNzJXgzmAhdvkumQKAiU9tBTypMtc6dPK8b19zx1tP,1.0
AGNT4iaxE9emYuFjVGttZbsaEeQra2RKv9RFjA5A5yuW,1.0
8xtVHFkcMuYXNH6cS6MXTMxQbRwdkydNYppP3X5v4crB,1.0
AtyszJPL1ArnfzttgnD4iKUUPeAf3cFsNjPPajb3ADVg,1.0
H3mPx8i41Zn4dLC6ZQRBzNRe1cqYdbcDP1WpojnaiAVo,1.0
5cAYrw5nrC9qc1EXLhkZmwqJiviRzuRF1vx2ezy1EB8a,1.0
DyziFCftH7CpoSLvXmtqyeMD2HBZVEqWk7xkRF1vcNqt,1.0
5uvLFacokautfzy2WXwKtDtoN7uxBBqENEsDgq4WnFR5,1.0
67qMgE8Cw2THYVQpTC79b1GkbXdvtr3Gd4Gqx8s9jHvz,1.0
FDUWkjbhnAub3LkfhT8bLbBqb6T5Wsige3onG9yWFPNQ,1.0
MSTKTNxDrVTd32qF8kyaiUhFidmgPaYGU932FbRa7eK,1.0
LULoPRA7BUhJ2aPZhLqovVRrewEcQDTV42zW8Qg2yME,1.0
FMLoQBeqrqLAVkQ9DAQhah3jDESHAoaoc9PfEZqPxntC,1.0
B1ekBaebRPgek15RzfKEN5LVHWMhvjukHFa9taJHPU6Z,1.0
DoDbKaQKaNM8JAQyqwtrc53UKcaK6B71PuqB62TBZATc,1.0
5a1p7P4KXkZQKVNt4M7gV41cC6DwZ37W7FX1JhCcM4qX,1.0
BLDDrex4ZSWBgPYaaH6CQCzkJXWfzCiiur9cSFJT8t3x,1.0
CdH7CFhNPYFHvR1UoDZXff7LBTBQCR7cFDVWNR7XeC52,1.0
AMdhDN3go7hNHC7Wk6KgjXzFAebQBx9nLXWH4nnh6Lmk,1.0
74r2ZapnyXm5ndwh17tg47SNtMUf6s4kJuhY5Ne5yZgV,1.0
9EwZquhRwZ7efbMwATpt5XRJsbXKFjQ2aFfePyL2ngFg,1.0
J69JoArLKSvH1dThSwEH9rbbnEVaAHe8fyZ3PRUS9qDj,1.0
54jF2wtHopafEnsVUbCe1c1Krfcm8jfRjcgrcZ4axsUk,1.0
rwrd7su4hV43PQ3RyUVfcT9KH5fQEa4vviEKFmSRf85,1.0
Ao9nJcAQ8sMTw5UsyUnzcNsZbwuDSCcuomypb2Wqb7DL,1.0
G4BDzQnJ65MGM5d2LzQi13D4v6vaEv8beoemzP2RGxuH,1.0
8fZkX7UXQ8iGes5evhScXjrGfaVgJc76QZiQVWBtLyhc,1.0
JUP5jSkuNHeHLoapB97P7MpckomsS4kLSG1Y31VZoLv,1.0
PARrVs6F5egaNuz8g6pKJyU4ze3eX5xGZCFb3GLiVvu,1.0
7iMofsAdkzcc7RQaG13XXbHwMA41VwY3c7UQuKd9RBhU,1.0
FCW1uBM3pZ7fQWvEL9sxTe4fNiH41bu9DWX4ErTZ6aMq,1.0
DVL8i4TR4TxtPwpvK4UyVrxc7VWWRtRG74XmKQ6xXpfq,1.0
E9y58o25xVpxrWXRM2cQ4EvTfcP9EENkf2oiNaXCFGDB,1.0
2UGRGWGfrD9FSdX7MuZJoEKMzbSp9QLvmriWQfW7RFaJ,1.0
1nv9FdqQ3MtJwkspoES4Q3VjbALRDGRjAGB9WzKrV32,1.0
9R6rZpGigbJFCvyjKmgXRjKzjR5e7fo2Z2T5eFAVAeXw,1.0
CgRaMXqqRHNT3Zo2uVZfX72TuxUgcLb8E3A8KrXnbXAC,1.0
DwGKbuRNA3HiwPNj6RRCxRpJVLLUVFAk3wSsn9roXscv,1.0
HA9jURo3c5y5MxVPDAeDNfHu16LszGTEgeGZWRgzxNJZ,1.0
FARMmkoshPWbkqzycueFwJAUNfR2N7KXQkAChaS7RCg1,1.0
s1xVDPnBMJ2pAjZ2t2ijnz27BJzRbySxb9eWx6wT9cV,1.0
33fMFLUAURqko1PuTtd6etNnfriY5kpAw1pqnyxvkm78,1.0
7RuhdohCZm3oE2yxMyF3noKRtphnob9M6H5wmR6acs7o,1.0
6mUmcP3xtM6rAif9dn9foFwx4AZKfmg17vXtySpHrk47,1.0
PYMyZuLbd23k9tQrz41H1qjuFFEHxTTmmXwNyPkHhuE,1.0
7Q4bu8V1QCdbRCKgy8Ti31UpXzkzwz7gp34Hvym6eFiv,1.0
GSA6YFJHtnPFKZUXjVH9uAQdJaPt3bWADDfbeduq9edJ,1.0
GFhGBoYxgzwxV9ohXAXZ2HrPynLmcKGhkcZZdZXeZvR3,1.0
GTesTBiEWE32WHXXE2S4XbZvA5CrEc4xs6ZgRe895dP,1.0
46bPFF1ESvytABCc3dudmd9j42FZsEUdcHzWP3Y3sQcY,1.0
VotEn9AWwTFtJPJSMV5F9jsMY6QwWM5qn3XP9PATGW7,1.0
